Watching for file changes with StatReloader
Internal Server Error: /add-property/
Traceback (most recent call last):
  File "/Users/bubby/miniconda3/envs/realestate/lib/python3.8/site-packages/django/core/handlers/exception.py", line 55, in inner
    response = get_response(request)
  File "/Users/bubby/miniconda3/envs/realestate/lib/python3.8/site-packages/django/core/handlers/base.py", line 197, in _get_response
    response = wrapped_callback(request, *callback_args, **callback_kwargs)
  File "/Users/bubby/realestate/properties/views.py", line 31, in add_property
    logger = logging.getLogger(__name)
NameError: name '__name' is not defined
/Users/bubby/realestate/properties/views.py changed, reloading.
Watching for file changes with StatReloader
Fetched 0 properties for ZIP code 03102
Fetched 0 properties for ZIP code 03102
Fetched 0 properties for ZIP code 03301
Watching for file changes with StatReloader
Not Found: /
Fetched 0 properties for ZIP code 03109
Fetched 0 properties for ZIP code 03104
/Users/bubby/realestate/properties/views.py changed, reloading.
Watching for file changes with StatReloader
Internal Server Error: /add-property/
Traceback (most recent call last):
  File "/Users/bubby/miniconda3/envs/realestate/lib/python3.8/site-packages/django/core/handlers/exception.py", line 55, in inner
    response = get_response(request)
  File "/Users/bubby/miniconda3/envs/realestate/lib/python3.8/site-packages/django/core/handlers/base.py", line 197, in _get_response
    response = wrapped_callback(request, *callback_args, **callback_kwargs)
  File "/Users/bubby/realestate/properties/views.py", line 32, in add_property
    logger = logging.getLogger(__name)
NameError: name '__name' is not defined
/Users/bubby/realestate/properties/views.py changed, reloading.
Watching for file changes with StatReloader
Fetched 0 properties for ZIP code 03102
Fetched 0 properties for ZIP code 03102
Watching for file changes with StatReloader
Not Found: /
Fetched 0 properties for ZIP code 03102
Watching for file changes with StatReloader
Fetched 0 properties for ZIP code 03109
/Users/bubby/realestate/properties/views.py changed, reloading.
Watching for file changes with StatReloader
Internal Server Error: /add-property/
Traceback (most recent call last):
  File "/Users/bubby/miniconda3/envs/realestate/lib/python3.8/site-packages/django/core/handlers/exception.py", line 55, in inner
    response = get_response(request)
  File "/Users/bubby/miniconda3/envs/realestate/lib/python3.8/site-packages/django/core/handlers/base.py", line 197, in _get_response
    response = wrapped_callback(request, *callback_args, **callback_kwargs)
  File "/Users/bubby/realestate/properties/views.py", line 50, in add_property
    logger.debug(f"Zillow API Response JSON: {zillow_data}")
UnboundLocalError: local variable 'zillow_data' referenced before assignment
/Users/bubby/realestate/properties/views.py changed, reloading.
Watching for file changes with StatReloader
Fetched 0 properties for ZIP code 03102
/Users/bubby/realestate/properties/views.py changed, reloading.
Watching for file changes with StatReloader
/Users/bubby/realestate/properties/views.py changed, reloading.
Watching for file changes with StatReloader
Watching for file changes with StatReloader
Not Found: /
/Users/bubby/realestate/properties/views.py changed, reloading.
Watching for file changes with StatReloader
Not Found: /
Not Found: /
/Users/bubby/realestate/realestate/urls.py changed, reloading.
Watching for file changes with StatReloader
Watching for file changes with StatReloader
Not Found: /
Not Found: /
/Users/bubby/realestate/properties/urls.py changed, reloading.
Watching for file changes with StatReloader
/Users/bubby/realestate/properties/views.py changed, reloading.
Watching for file changes with StatReloader
Watching for file changes with StatReloader
/Users/bubby/realestate/properties/views.py changed, reloading.
Watching for file changes with StatReloader
/Users/bubby/realestate/properties/views.py changed, reloading.
Watching for file changes with StatReloader
Not Found: /property-listing/
/Users/bubby/realestate/properties/urls.py changed, reloading.
Watching for file changes with StatReloader
/Users/bubby/realestate/properties/urls.py changed, reloading.
Watching for file changes with StatReloader
Watching for file changes with StatReloader
/Users/bubby/realestate/properties/urls.py changed, reloading.
Watching for file changes with StatReloader
/Users/bubby/realestate/properties/views.py changed, reloading.
Watching for file changes with StatReloader
Not Found: /property-listing/
/Users/bubby/realestate/properties/urls.py changed, reloading.
Watching for file changes with StatReloader
Not Found: /
/Users/bubby/realestate/properties/views.py changed, reloading.
Watching for file changes with StatReloader
/Users/bubby/realestate/properties/views.py changed, reloading.
Watching for file changes with StatReloader
Watching for file changes with StatReloader
Not Found: /
/Users/bubby/realestate/properties/views.py changed, reloading.
Watching for file changes with StatReloader
/Users/bubby/realestate/properties/views.py changed, reloading.
Watching for file changes with StatReloader
/Users/bubby/realestate/properties/views.py changed, reloading.
Watching for file changes with StatReloader
/Users/bubby/realestate/properties/views.py changed, reloading.
Watching for file changes with StatReloader
Internal Server Error: /add-property/
Traceback (most recent call last):
  File "/Users/bubby/miniconda3/envs/realestate/lib/python3.8/site-packages/django/template/base.py", line 505, in parse
    compile_func = self.tags[command]
KeyError: 'static'

During handling of the above exception, another exception occurred:

Traceback (most recent call last):
  File "/Users/bubby/miniconda3/envs/realestate/lib/python3.8/site-packages/django/core/handlers/exception.py", line 55, in inner
    response = get_response(request)
  File "/Users/bubby/miniconda3/envs/realestate/lib/python3.8/site-packages/django/core/handlers/base.py", line 197, in _get_response
    response = wrapped_callback(request, *callback_args, **callback_kwargs)
  File "/Users/bubby/realestate/properties/views.py", line 108, in add_property
    return render(request, 'properties/add_property.html')
  File "/Users/bubby/miniconda3/envs/realestate/lib/python3.8/site-packages/django/shortcuts.py", line 24, in render
    content = loader.render_to_string(template_name, context, request, using=using)
  File "/Users/bubby/miniconda3/envs/realestate/lib/python3.8/site-packages/django/template/loader.py", line 61, in render_to_string
    template = get_template(template_name, using=using)
  File "/Users/bubby/miniconda3/envs/realestate/lib/python3.8/site-packages/django/template/loader.py", line 15, in get_template
    return engine.get_template(template_name)
  File "/Users/bubby/miniconda3/envs/realestate/lib/python3.8/site-packages/django/template/backends/django.py", line 33, in get_template
    return Template(self.engine.get_template(template_name), self)
  File "/Users/bubby/miniconda3/envs/realestate/lib/python3.8/site-packages/django/template/engine.py", line 175, in get_template
    template, origin = self.find_template(template_name)
  File "/Users/bubby/miniconda3/envs/realestate/lib/python3.8/site-packages/django/template/engine.py", line 157, in find_template
    template = loader.get_template(name, skip=skip)
  File "/Users/bubby/miniconda3/envs/realestate/lib/python3.8/site-packages/django/template/loaders/cached.py", line 57, in get_template
    template = super().get_template(template_name, skip)
  File "/Users/bubby/miniconda3/envs/realestate/lib/python3.8/site-packages/django/template/loaders/base.py", line 28, in get_template
    return Template(
  File "/Users/bubby/miniconda3/envs/realestate/lib/python3.8/site-packages/django/template/base.py", line 154, in __init__
    self.nodelist = self.compile_nodelist()
  File "/Users/bubby/miniconda3/envs/realestate/lib/python3.8/site-packages/django/template/base.py", line 200, in compile_nodelist
    return parser.parse()
  File "/Users/bubby/miniconda3/envs/realestate/lib/python3.8/site-packages/django/template/base.py", line 507, in parse
    self.invalid_block_tag(token, command, parse_until)
  File "/Users/bubby/miniconda3/envs/realestate/lib/python3.8/site-packages/django/template/base.py", line 568, in invalid_block_tag
    raise self.error(
django.template.exceptions.TemplateSyntaxError: Invalid block tag on line 6: 'static'. Did you forget to register or load this tag?
/Users/bubby/realestate/properties/views.py changed, reloading.
Watching for file changes with StatReloader
Forbidden (CSRF token missing.): /add-property/
Forbidden (CSRF token missing.): /add-property/
/Users/bubby/realestate/properties/urls.py changed, reloading.
Watching for file changes with StatReloader
Not Found: /
Watching for file changes with StatReloader
Not Found: /
Internal Server Error: /property-listing/
Traceback (most recent call last):
  File "/Users/bubby/miniconda3/envs/realestate/lib/python3.8/site-packages/django/core/handlers/exception.py", line 55, in inner
    response = get_response(request)
  File "/Users/bubby/miniconda3/envs/realestate/lib/python3.8/site-packages/django/core/handlers/base.py", line 197, in _get_response
    response = wrapped_callback(request, *callback_args, **callback_kwargs)
  File "/Users/bubby/realestate/properties/views.py", line 8, in property_listing
    if request.is_ajax():
AttributeError: 'WSGIRequest' object has no attribute 'is_ajax'
/Users/bubby/realestate/properties/views.py changed, reloading.
Watching for file changes with StatReloader
Internal Server Error: /property-listing/
Traceback (most recent call last):
  File "/Users/bubby/miniconda3/envs/realestate/lib/python3.8/site-packages/django/template/base.py", line 505, in parse
    compile_func = self.tags[command]
KeyError: 'static'

During handling of the above exception, another exception occurred:

Traceback (most recent call last):
  File "/Users/bubby/miniconda3/envs/realestate/lib/python3.8/site-packages/django/core/handlers/exception.py", line 55, in inner
    response = get_response(request)
  File "/Users/bubby/miniconda3/envs/realestate/lib/python3.8/site-packages/django/core/handlers/base.py", line 197, in _get_response
    response = wrapped_callback(request, *callback_args, **callback_kwargs)
  File "/Users/bubby/realestate/properties/views.py", line 26, in property_listing
    return render(request, 'properties/listing_ajax.html')
  File "/Users/bubby/miniconda3/envs/realestate/lib/python3.8/site-packages/django/shortcuts.py", line 24, in render
    content = loader.render_to_string(template_name, context, request, using=using)
  File "/Users/bubby/miniconda3/envs/realestate/lib/python3.8/site-packages/django/template/loader.py", line 61, in render_to_string
    template = get_template(template_name, using=using)
  File "/Users/bubby/miniconda3/envs/realestate/lib/python3.8/site-packages/django/template/loader.py", line 15, in get_template
    return engine.get_template(template_name)
  File "/Users/bubby/miniconda3/envs/realestate/lib/python3.8/site-packages/django/template/backends/django.py", line 33, in get_template
    return Template(self.engine.get_template(template_name), self)
  File "/Users/bubby/miniconda3/envs/realestate/lib/python3.8/site-packages/django/template/engine.py", line 175, in get_template
    template, origin = self.find_template(template_name)
  File "/Users/bubby/miniconda3/envs/realestate/lib/python3.8/site-packages/django/template/engine.py", line 157, in find_template
    template = loader.get_template(name, skip=skip)
  File "/Users/bubby/miniconda3/envs/realestate/lib/python3.8/site-packages/django/template/loaders/cached.py", line 57, in get_template
    template = super().get_template(template_name, skip)
  File "/Users/bubby/miniconda3/envs/realestate/lib/python3.8/site-packages/django/template/loaders/base.py", line 28, in get_template
    return Template(
  File "/Users/bubby/miniconda3/envs/realestate/lib/python3.8/site-packages/django/template/base.py", line 154, in __init__
    self.nodelist = self.compile_nodelist()
  File "/Users/bubby/miniconda3/envs/realestate/lib/python3.8/site-packages/django/template/base.py", line 200, in compile_nodelist
    return parser.parse()
  File "/Users/bubby/miniconda3/envs/realestate/lib/python3.8/site-packages/django/template/base.py", line 507, in parse
    self.invalid_block_tag(token, command, parse_until)
  File "/Users/bubby/miniconda3/envs/realestate/lib/python3.8/site-packages/django/template/base.py", line 568, in invalid_block_tag
    raise self.error(
django.template.exceptions.TemplateSyntaxError: Invalid block tag on line 6: 'static'. Did you forget to register or load this tag?
Watching for file changes with StatReloader
Not Found: /
Watching for file changes with StatReloader
Not Found: /
Watching for file changes with StatReloader
Not Found: /
Not Found: /favicon.ico
Watching for file changes with StatReloader
/Users/bubby/realestate/properties/views.py changed, reloading.
Watching for file changes with StatReloader
Watching for file changes with StatReloader
Not Found: /
Not Found: /
Not Found: /add-property/
Not Found: /add-property/
Watching for file changes with StatReloader
/Users/bubby/realestate/properties/models.py changed, reloading.
Watching for file changes with StatReloader
/Users/bubby/realestate/properties/views.py changed, reloading.
Watching for file changes with StatReloader
/Users/bubby/realestate/properties/views.py changed, reloading.
Watching for file changes with StatReloader
/Users/bubby/realestate/properties/urls.py changed, reloading.
Watching for file changes with StatReloader
Internal Server Error: /favorites/
Traceback (most recent call last):
  File "/Users/bubby/miniconda3/envs/realestate/lib/python3.8/site-packages/django/core/handlers/exception.py", line 55, in inner
    response = get_response(request)
  File "/Users/bubby/miniconda3/envs/realestate/lib/python3.8/site-packages/django/core/handlers/base.py", line 197, in _get_response
    response = wrapped_callback(request, *callback_args, **callback_kwargs)
  File "/Users/bubby/realestate/properties/views.py", line 47, in favorite_properties
    return render(request, 'fav.html', {'favorite_properties': favorite_properties})
  File "/Users/bubby/miniconda3/envs/realestate/lib/python3.8/site-packages/django/shortcuts.py", line 24, in render
    content = loader.render_to_string(template_name, context, request, using=using)
  File "/Users/bubby/miniconda3/envs/realestate/lib/python3.8/site-packages/django/template/loader.py", line 61, in render_to_string
    template = get_template(template_name, using=using)
  File "/Users/bubby/miniconda3/envs/realestate/lib/python3.8/site-packages/django/template/loader.py", line 19, in get_template
    raise TemplateDoesNotExist(template_name, chain=chain)
django.template.exceptions.TemplateDoesNotExist: fav.html
/Users/bubby/realestate/properties/views.py changed, reloading.
Watching for file changes with StatReloader
Not Found: /
Watching for file changes with StatReloader
Internal Server Error: /favorites/
Traceback (most recent call last):
  File "/Users/bubby/miniconda3/envs/realestate/lib/python3.8/site-packages/django/core/handlers/exception.py", line 55, in inner
    response = get_response(request)
  File "/Users/bubby/miniconda3/envs/realestate/lib/python3.8/site-packages/django/core/handlers/base.py", line 197, in _get_response
    response = wrapped_callback(request, *callback_args, **callback_kwargs)
  File "/Users/bubby/realestate/properties/views.py", line 47, in favorite_properties
    return render(request, 'fav.html', {'favorite_properties': favorite_properties})
  File "/Users/bubby/miniconda3/envs/realestate/lib/python3.8/site-packages/django/shortcuts.py", line 24, in render
    content = loader.render_to_string(template_name, context, request, using=using)
  File "/Users/bubby/miniconda3/envs/realestate/lib/python3.8/site-packages/django/template/loader.py", line 61, in render_to_string
    template = get_template(template_name, using=using)
  File "/Users/bubby/miniconda3/envs/realestate/lib/python3.8/site-packages/django/template/loader.py", line 19, in get_template
    raise TemplateDoesNotExist(template_name, chain=chain)
django.template.exceptions.TemplateDoesNotExist: fav.html
Internal Server Error: /favorites/
Traceback (most recent call last):
  File "/Users/bubby/miniconda3/envs/realestate/lib/python3.8/site-packages/django/core/handlers/exception.py", line 55, in inner
    response = get_response(request)
  File "/Users/bubby/miniconda3/envs/realestate/lib/python3.8/site-packages/django/core/handlers/base.py", line 197, in _get_response
    response = wrapped_callback(request, *callback_args, **callback_kwargs)
  File "/Users/bubby/realestate/properties/views.py", line 47, in favorite_properties
    return render(request, 'fav.html', {'favorite_properties': favorite_properties})
  File "/Users/bubby/miniconda3/envs/realestate/lib/python3.8/site-packages/django/shortcuts.py", line 24, in render
    content = loader.render_to_string(template_name, context, request, using=using)
  File "/Users/bubby/miniconda3/envs/realestate/lib/python3.8/site-packages/django/template/loader.py", line 61, in render_to_string
    template = get_template(template_name, using=using)
  File "/Users/bubby/miniconda3/envs/realestate/lib/python3.8/site-packages/django/template/loader.py", line 19, in get_template
    raise TemplateDoesNotExist(template_name, chain=chain)
django.template.exceptions.TemplateDoesNotExist: fav.html
Internal Server Error: /favorites/
Traceback (most recent call last):
  File "/Users/bubby/miniconda3/envs/realestate/lib/python3.8/site-packages/django/core/handlers/exception.py", line 55, in inner
    response = get_response(request)
  File "/Users/bubby/miniconda3/envs/realestate/lib/python3.8/site-packages/django/core/handlers/base.py", line 197, in _get_response
    response = wrapped_callback(request, *callback_args, **callback_kwargs)
  File "/Users/bubby/realestate/properties/views.py", line 47, in favorite_properties
    return render(request, 'fav.html', {'favorite_properties': favorite_properties})
  File "/Users/bubby/miniconda3/envs/realestate/lib/python3.8/site-packages/django/shortcuts.py", line 24, in render
    content = loader.render_to_string(template_name, context, request, using=using)
  File "/Users/bubby/miniconda3/envs/realestate/lib/python3.8/site-packages/django/template/loader.py", line 61, in render_to_string
    template = get_template(template_name, using=using)
  File "/Users/bubby/miniconda3/envs/realestate/lib/python3.8/site-packages/django/template/loader.py", line 19, in get_template
    raise TemplateDoesNotExist(template_name, chain=chain)
django.template.exceptions.TemplateDoesNotExist: fav.html
Internal Server Error: /favorites/
Traceback (most recent call last):
  File "/Users/bubby/miniconda3/envs/realestate/lib/python3.8/site-packages/django/core/handlers/exception.py", line 55, in inner
    response = get_response(request)
  File "/Users/bubby/miniconda3/envs/realestate/lib/python3.8/site-packages/django/core/handlers/base.py", line 197, in _get_response
    response = wrapped_callback(request, *callback_args, **callback_kwargs)
  File "/Users/bubby/realestate/properties/views.py", line 47, in favorite_properties
    return render(request, 'fav.html', {'favorite_properties': favorite_properties})
  File "/Users/bubby/miniconda3/envs/realestate/lib/python3.8/site-packages/django/shortcuts.py", line 24, in render
    content = loader.render_to_string(template_name, context, request, using=using)
  File "/Users/bubby/miniconda3/envs/realestate/lib/python3.8/site-packages/django/template/loader.py", line 61, in render_to_string
    template = get_template(template_name, using=using)
  File "/Users/bubby/miniconda3/envs/realestate/lib/python3.8/site-packages/django/template/loader.py", line 19, in get_template
    raise TemplateDoesNotExist(template_name, chain=chain)
django.template.exceptions.TemplateDoesNotExist: fav.html
Not Found: /favourite/
Internal Server Error: /favorites/
Traceback (most recent call last):
  File "/Users/bubby/miniconda3/envs/realestate/lib/python3.8/site-packages/django/core/handlers/exception.py", line 55, in inner
    response = get_response(request)
  File "/Users/bubby/miniconda3/envs/realestate/lib/python3.8/site-packages/django/core/handlers/base.py", line 197, in _get_response
    response = wrapped_callback(request, *callback_args, **callback_kwargs)
  File "/Users/bubby/realestate/properties/views.py", line 47, in favorite_properties
    return render(request, 'fav.html', {'favorite_properties': favorite_properties})
  File "/Users/bubby/miniconda3/envs/realestate/lib/python3.8/site-packages/django/shortcuts.py", line 24, in render
    content = loader.render_to_string(template_name, context, request, using=using)
  File "/Users/bubby/miniconda3/envs/realestate/lib/python3.8/site-packages/django/template/loader.py", line 61, in render_to_string
    template = get_template(template_name, using=using)
  File "/Users/bubby/miniconda3/envs/realestate/lib/python3.8/site-packages/django/template/loader.py", line 19, in get_template
    raise TemplateDoesNotExist(template_name, chain=chain)
django.template.exceptions.TemplateDoesNotExist: fav.html
Watching for file changes with StatReloader
Watching for file changes with StatReloader
Not Found: /
Not Found: /
Not Found: /favicon.ico
Not Found: /
Internal Server Error: /favorites/
Traceback (most recent call last):
  File "/Users/bubby/miniconda3/envs/realestate/lib/python3.8/site-packages/django/core/handlers/exception.py", line 55, in inner
    response = get_response(request)
  File "/Users/bubby/miniconda3/envs/realestate/lib/python3.8/site-packages/django/core/handlers/base.py", line 197, in _get_response
    response = wrapped_callback(request, *callback_args, **callback_kwargs)
  File "/Users/bubby/realestate/properties/views.py", line 47, in favorite_properties
    return render(request, 'fav.html', {'favorite_properties': favorite_properties})
  File "/Users/bubby/miniconda3/envs/realestate/lib/python3.8/site-packages/django/shortcuts.py", line 24, in render
    content = loader.render_to_string(template_name, context, request, using=using)
  File "/Users/bubby/miniconda3/envs/realestate/lib/python3.8/site-packages/django/template/loader.py", line 61, in render_to_string
    template = get_template(template_name, using=using)
  File "/Users/bubby/miniconda3/envs/realestate/lib/python3.8/site-packages/django/template/loader.py", line 19, in get_template
    raise TemplateDoesNotExist(template_name, chain=chain)
django.template.exceptions.TemplateDoesNotExist: fav.html
/Users/bubby/realestate/properties/views.py changed, reloading.
Watching for file changes with StatReloader
Internal Server Error: /favorites/
Traceback (most recent call last):
  File "/Users/bubby/miniconda3/envs/realestate/lib/python3.8/site-packages/django/core/handlers/exception.py", line 55, in inner
    response = get_response(request)
  File "/Users/bubby/miniconda3/envs/realestate/lib/python3.8/site-packages/django/core/handlers/base.py", line 197, in _get_response
    response = wrapped_callback(request, *callback_args, **callback_kwargs)
  File "/Users/bubby/realestate/properties/views.py", line 47, in favorite_properties
    return render(request, 'properties/fav.html', {'favorite_properties': favorite_properties})
  File "/Users/bubby/miniconda3/envs/realestate/lib/python3.8/site-packages/django/shortcuts.py", line 24, in render
    content = loader.render_to_string(template_name, context, request, using=using)
  File "/Users/bubby/miniconda3/envs/realestate/lib/python3.8/site-packages/django/template/loader.py", line 61, in render_to_string
    template = get_template(template_name, using=using)
  File "/Users/bubby/miniconda3/envs/realestate/lib/python3.8/site-packages/django/template/loader.py", line 15, in get_template
    return engine.get_template(template_name)
  File "/Users/bubby/miniconda3/envs/realestate/lib/python3.8/site-packages/django/template/backends/django.py", line 33, in get_template
    return Template(self.engine.get_template(template_name), self)
  File "/Users/bubby/miniconda3/envs/realestate/lib/python3.8/site-packages/django/template/engine.py", line 175, in get_template
    template, origin = self.find_template(template_name)
  File "/Users/bubby/miniconda3/envs/realestate/lib/python3.8/site-packages/django/template/engine.py", line 157, in find_template
    template = loader.get_template(name, skip=skip)
  File "/Users/bubby/miniconda3/envs/realestate/lib/python3.8/site-packages/django/template/loaders/cached.py", line 57, in get_template
    template = super().get_template(template_name, skip)
  File "/Users/bubby/miniconda3/envs/realestate/lib/python3.8/site-packages/django/template/loaders/base.py", line 28, in get_template
    return Template(
  File "/Users/bubby/miniconda3/envs/realestate/lib/python3.8/site-packages/django/template/base.py", line 154, in __init__
    self.nodelist = self.compile_nodelist()
  File "/Users/bubby/miniconda3/envs/realestate/lib/python3.8/site-packages/django/template/base.py", line 200, in compile_nodelist
    return parser.parse()
  File "/Users/bubby/miniconda3/envs/realestate/lib/python3.8/site-packages/django/template/base.py", line 513, in parse
    raise self.error(token, e)
  File "/Users/bubby/miniconda3/envs/realestate/lib/python3.8/site-packages/django/template/base.py", line 511, in parse
    compiled_result = compile_func(self, token)
  File "/Users/bubby/miniconda3/envs/realestate/lib/python3.8/site-packages/django/template/defaulttags.py", line 853, in do_for
    nodelist_loop = parser.parse(
  File "/Users/bubby/miniconda3/envs/realestate/lib/python3.8/site-packages/django/template/base.py", line 518, in parse
    self.unclosed_block_tag(parse_until)
  File "/Users/bubby/miniconda3/envs/realestate/lib/python3.8/site-packages/django/template/base.py", line 581, in unclosed_block_tag
    raise self.error(token, msg)
django.template.exceptions.TemplateSyntaxError: Unclosed tag on line 24: 'for'. Looking for one of: empty, endfor.
Internal Server Error: /favorites/
Traceback (most recent call last):
  File "/Users/bubby/miniconda3/envs/realestate/lib/python3.8/site-packages/django/db/backends/utils.py", line 89, in _execute
    return self.cursor.execute(sql, params)
  File "/Users/bubby/miniconda3/envs/realestate/lib/python3.8/site-packages/django/db/backends/sqlite3/base.py", line 328, in execute
    return super().execute(query, params)
sqlite3.OperationalError: no such column: properties_property.is_favorite

The above exception was the direct cause of the following exception:

Traceback (most recent call last):
  File "/Users/bubby/miniconda3/envs/realestate/lib/python3.8/site-packages/django/core/handlers/exception.py", line 55, in inner
    response = get_response(request)
  File "/Users/bubby/miniconda3/envs/realestate/lib/python3.8/site-packages/django/core/handlers/base.py", line 197, in _get_response
    response = wrapped_callback(request, *callback_args, **callback_kwargs)
  File "/Users/bubby/realestate/properties/views.py", line 47, in favorite_properties
    return render(request, 'properties/fav.html', {'favorite_properties': favorite_properties})
  File "/Users/bubby/miniconda3/envs/realestate/lib/python3.8/site-packages/django/shortcuts.py", line 24, in render
    content = loader.render_to_string(template_name, context, request, using=using)
  File "/Users/bubby/miniconda3/envs/realestate/lib/python3.8/site-packages/django/template/loader.py", line 62, in render_to_string
    return template.render(context, request)
  File "/Users/bubby/miniconda3/envs/realestate/lib/python3.8/site-packages/django/template/backends/django.py", line 61, in render
    return self.template.render(context)
  File "/Users/bubby/miniconda3/envs/realestate/lib/python3.8/site-packages/django/template/base.py", line 175, in render
    return self._render(context)
  File "/Users/bubby/miniconda3/envs/realestate/lib/python3.8/site-packages/django/template/base.py", line 167, in _render
    return self.nodelist.render(context)
  File "/Users/bubby/miniconda3/envs/realestate/lib/python3.8/site-packages/django/template/base.py", line 1005, in render
    return SafeString("".join([node.render_annotated(context) for node in self]))
  File "/Users/bubby/miniconda3/envs/realestate/lib/python3.8/site-packages/django/template/base.py", line 1005, in <listcomp>
    return SafeString("".join([node.render_annotated(context) for node in self]))
  File "/Users/bubby/miniconda3/envs/realestate/lib/python3.8/site-packages/django/template/base.py", line 966, in render_annotated
    return self.render(context)
  File "/Users/bubby/miniconda3/envs/realestate/lib/python3.8/site-packages/django/template/defaulttags.py", line 194, in render
    len_values = len(values)
  File "/Users/bubby/miniconda3/envs/realestate/lib/python3.8/site-packages/django/db/models/query.py", line 380, in __len__
    self._fetch_all()
  File "/Users/bubby/miniconda3/envs/realestate/lib/python3.8/site-packages/django/db/models/query.py", line 1881, in _fetch_all
    self._result_cache = list(self._iterable_class(self))
  File "/Users/bubby/miniconda3/envs/realestate/lib/python3.8/site-packages/django/db/models/query.py", line 91, in __iter__
    results = compiler.execute_sql(
  File "/Users/bubby/miniconda3/envs/realestate/lib/python3.8/site-packages/django/db/models/sql/compiler.py", line 1562, in execute_sql
    cursor.execute(sql, params)
  File "/Users/bubby/miniconda3/envs/realestate/lib/python3.8/site-packages/django/db/backends/utils.py", line 102, in execute
    return super().execute(sql, params)
  File "/Users/bubby/miniconda3/envs/realestate/lib/python3.8/site-packages/django/db/backends/utils.py", line 67, in execute
    return self._execute_with_wrappers(
  File "/Users/bubby/miniconda3/envs/realestate/lib/python3.8/site-packages/django/db/backends/utils.py", line 80, in _execute_with_wrappers
    return executor(sql, params, many, context)
  File "/Users/bubby/miniconda3/envs/realestate/lib/python3.8/site-packages/django/db/backends/utils.py", line 89, in _execute
    return self.cursor.execute(sql, params)
  File "/Users/bubby/miniconda3/envs/realestate/lib/python3.8/site-packages/django/db/utils.py", line 91, in __exit__
    raise dj_exc_value.with_traceback(traceback) from exc_value
  File "/Users/bubby/miniconda3/envs/realestate/lib/python3.8/site-packages/django/db/backends/utils.py", line 89, in _execute
    return self.cursor.execute(sql, params)
  File "/Users/bubby/miniconda3/envs/realestate/lib/python3.8/site-packages/django/db/backends/sqlite3/base.py", line 328, in execute
    return super().execute(query, params)
django.db.utils.OperationalError: no such column: properties_property.is_favorite
Watching for file changes with StatReloader
Watching for file changes with StatReloader
Forbidden (CSRF token missing.): /add-to-favorites/
Forbidden (CSRF token missing.): /add-to-favorites/
/Users/bubby/realestate/properties/views.py changed, reloading.
Watching for file changes with StatReloader
Watching for file changes with StatReloader
Not Found: /
Internal Server Error: /add-to-favorites/
Traceback (most recent call last):
  File "/Users/bubby/miniconda3/envs/realestate/lib/python3.8/site-packages/django/core/handlers/exception.py", line 55, in inner
    response = get_response(request)
  File "/Users/bubby/miniconda3/envs/realestate/lib/python3.8/site-packages/django/core/handlers/base.py", line 197, in _get_response
    response = wrapped_callback(request, *callback_args, **callback_kwargs)
  File "/Users/bubby/realestate/properties/views.py", line 30, in add_to_favorites
    if request.method == 'POST' and request.is_ajax():
AttributeError: 'WSGIRequest' object has no attribute 'is_ajax'
Internal Server Error: /add-to-favorites/
Traceback (most recent call last):
  File "/Users/bubby/miniconda3/envs/realestate/lib/python3.8/site-packages/django/core/handlers/exception.py", line 55, in inner
    response = get_response(request)
  File "/Users/bubby/miniconda3/envs/realestate/lib/python3.8/site-packages/django/core/handlers/base.py", line 197, in _get_response
    response = wrapped_callback(request, *callback_args, **callback_kwargs)
  File "/Users/bubby/realestate/properties/views.py", line 30, in add_to_favorites
    if request.method == 'POST' and request.is_ajax():
AttributeError: 'WSGIRequest' object has no attribute 'is_ajax'
Internal Server Error: /add-to-favorites/
Traceback (most recent call last):
  File "/Users/bubby/miniconda3/envs/realestate/lib/python3.8/site-packages/django/core/handlers/exception.py", line 55, in inner
    response = get_response(request)
  File "/Users/bubby/miniconda3/envs/realestate/lib/python3.8/site-packages/django/core/handlers/base.py", line 197, in _get_response
    response = wrapped_callback(request, *callback_args, **callback_kwargs)
  File "/Users/bubby/realestate/properties/views.py", line 30, in add_to_favorites
    if request.method == 'POST' and request.is_ajax():
AttributeError: 'WSGIRequest' object has no attribute 'is_ajax'
Internal Server Error: /add-to-favorites/
Traceback (most recent call last):
  File "/Users/bubby/miniconda3/envs/realestate/lib/python3.8/site-packages/django/core/handlers/exception.py", line 55, in inner
    response = get_response(request)
  File "/Users/bubby/miniconda3/envs/realestate/lib/python3.8/site-packages/django/core/handlers/base.py", line 197, in _get_response
    response = wrapped_callback(request, *callback_args, **callback_kwargs)
  File "/Users/bubby/realestate/properties/views.py", line 30, in add_to_favorites
    if request.method == 'POST' and request.is_ajax():
AttributeError: 'WSGIRequest' object has no attribute 'is_ajax'
Internal Server Error: /add-to-favorites/
Traceback (most recent call last):
  File "/Users/bubby/miniconda3/envs/realestate/lib/python3.8/site-packages/django/core/handlers/exception.py", line 55, in inner
    response = get_response(request)
  File "/Users/bubby/miniconda3/envs/realestate/lib/python3.8/site-packages/django/core/handlers/base.py", line 197, in _get_response
    response = wrapped_callback(request, *callback_args, **callback_kwargs)
  File "/Users/bubby/realestate/properties/views.py", line 30, in add_to_favorites
    if request.method == 'POST' and request.is_ajax():
AttributeError: 'WSGIRequest' object has no attribute 'is_ajax'
Not Found: /
Not Found: /favicon.ico
/Users/bubby/realestate/properties/views.py changed, reloading.
Watching for file changes with StatReloader
Not Found: /
Not Found: /
Watching for file changes with StatReloader
/Users/bubby/realestate/properties/views.py changed, reloading.
Watching for file changes with StatReloader
/Users/bubby/realestate/properties/views.py changed, reloading.
Watching for file changes with StatReloader
/Users/bubby/realestate/properties/views.py changed, reloading.
Watching for file changes with StatReloader
Watching for file changes with StatReloader
Not Found: /
Not Found: /favicon.ico
Not Found: /
Watching for file changes with StatReloader
Not Found: /
Not Found: /
/Users/bubby/realestate/properties/urls.py changed, reloading.
Watching for file changes with StatReloader
/Users/bubby/realestate/realestate/urls.py changed, reloading.
Watching for file changes with StatReloader
/Users/bubby/realestate/properties/urls.py changed, reloading.
Watching for file changes with StatReloader
Not Found: /
Not Found: /
Not Found: /contact-us/
Watching for file changes with StatReloader
Not Found: /
Not Found: /
Not Found: /
Watching for file changes with StatReloader
Not Found: /
Not Found: /
/Users/bubby/realestate/realestate/urls.py changed, reloading.
Watching for file changes with StatReloader
/Users/bubby/realestate/homepage/views.py changed, reloading.
Watching for file changes with StatReloader
Internal Server Error: /contact-us/
Traceback (most recent call last):
  File "/Users/bubby/miniconda3/envs/realestate/lib/python3.8/site-packages/django/template/backends/django.py", line 61, in render
    return self.template.render(context)
  File "/Users/bubby/miniconda3/envs/realestate/lib/python3.8/site-packages/django/template/base.py", line 175, in render
    return self._render(context)
  File "/Users/bubby/miniconda3/envs/realestate/lib/python3.8/site-packages/django/template/base.py", line 167, in _render
    return self.nodelist.render(context)
  File "/Users/bubby/miniconda3/envs/realestate/lib/python3.8/site-packages/django/template/base.py", line 1005, in render
    return SafeString("".join([node.render_annotated(context) for node in self]))
  File "/Users/bubby/miniconda3/envs/realestate/lib/python3.8/site-packages/django/template/base.py", line 1005, in <listcomp>
    return SafeString("".join([node.render_annotated(context) for node in self]))
  File "/Users/bubby/miniconda3/envs/realestate/lib/python3.8/site-packages/django/template/base.py", line 966, in render_annotated
    return self.render(context)
  File "/Users/bubby/miniconda3/envs/realestate/lib/python3.8/site-packages/django/template/loader_tags.py", line 157, in render
    return compiled_parent._render(context)
  File "/Users/bubby/miniconda3/envs/realestate/lib/python3.8/site-packages/django/template/base.py", line 167, in _render
    return self.nodelist.render(context)
  File "/Users/bubby/miniconda3/envs/realestate/lib/python3.8/site-packages/django/template/base.py", line 1005, in render
    return SafeString("".join([node.render_annotated(context) for node in self]))
  File "/Users/bubby/miniconda3/envs/realestate/lib/python3.8/site-packages/django/template/base.py", line 1005, in <listcomp>
    return SafeString("".join([node.render_annotated(context) for node in self]))
  File "/Users/bubby/miniconda3/envs/realestate/lib/python3.8/site-packages/django/template/base.py", line 966, in render_annotated
    return self.render(context)
  File "/Users/bubby/miniconda3/envs/realestate/lib/python3.8/site-packages/django/template/loader_tags.py", line 197, in render
    template = context.template.engine.select_template(template_name)
  File "/Users/bubby/miniconda3/envs/realestate/lib/python3.8/site-packages/django/template/engine.py", line 212, in select_template
    raise TemplateDoesNotExist(", ".join(not_found))
django.template.exceptions.TemplateDoesNotExist: login.html

The above exception was the direct cause of the following exception:

Traceback (most recent call last):
  File "/Users/bubby/miniconda3/envs/realestate/lib/python3.8/site-packages/django/core/handlers/exception.py", line 55, in inner
    response = get_response(request)
  File "/Users/bubby/miniconda3/envs/realestate/lib/python3.8/site-packages/django/core/handlers/base.py", line 197, in _get_response
    response = wrapped_callback(request, *callback_args, **callback_kwargs)
  File "/Users/bubby/realestate/homepage/views.py", line 14, in contact_us
    return render(request, 'homepage/contact_us.html')
  File "/Users/bubby/miniconda3/envs/realestate/lib/python3.8/site-packages/django/shortcuts.py", line 24, in render
    content = loader.render_to_string(template_name, context, request, using=using)
  File "/Users/bubby/miniconda3/envs/realestate/lib/python3.8/site-packages/django/template/loader.py", line 62, in render_to_string
    return template.render(context, request)
  File "/Users/bubby/miniconda3/envs/realestate/lib/python3.8/site-packages/django/template/backends/django.py", line 63, in render
    reraise(exc, self.backend)
  File "/Users/bubby/miniconda3/envs/realestate/lib/python3.8/site-packages/django/template/backends/django.py", line 84, in reraise
    raise new from exc
django.template.exceptions.TemplateDoesNotExist: login.html
Internal Server Error: /contact-us/
Traceback (most recent call last):
  File "/Users/bubby/miniconda3/envs/realestate/lib/python3.8/site-packages/django/core/handlers/exception.py", line 55, in inner
    response = get_response(request)
  File "/Users/bubby/miniconda3/envs/realestate/lib/python3.8/site-packages/django/core/handlers/base.py", line 197, in _get_response
    response = wrapped_callback(request, *callback_args, **callback_kwargs)
  File "/Users/bubby/realestate/homepage/views.py", line 14, in contact_us
    return render(request, 'homepage/contact_us.html')
  File "/Users/bubby/miniconda3/envs/realestate/lib/python3.8/site-packages/django/shortcuts.py", line 24, in render
    content = loader.render_to_string(template_name, context, request, using=using)
  File "/Users/bubby/miniconda3/envs/realestate/lib/python3.8/site-packages/django/template/loader.py", line 62, in render_to_string
    return template.render(context, request)
  File "/Users/bubby/miniconda3/envs/realestate/lib/python3.8/site-packages/django/template/backends/django.py", line 61, in render
    return self.template.render(context)
  File "/Users/bubby/miniconda3/envs/realestate/lib/python3.8/site-packages/django/template/base.py", line 175, in render
    return self._render(context)
  File "/Users/bubby/miniconda3/envs/realestate/lib/python3.8/site-packages/django/template/base.py", line 167, in _render
    return self.nodelist.render(context)
  File "/Users/bubby/miniconda3/envs/realestate/lib/python3.8/site-packages/django/template/base.py", line 1005, in render
    return SafeString("".join([node.render_annotated(context) for node in self]))
  File "/Users/bubby/miniconda3/envs/realestate/lib/python3.8/site-packages/django/template/base.py", line 1005, in <listcomp>
    return SafeString("".join([node.render_annotated(context) for node in self]))
  File "/Users/bubby/miniconda3/envs/realestate/lib/python3.8/site-packages/django/template/base.py", line 966, in render_annotated
    return self.render(context)
  File "/Users/bubby/miniconda3/envs/realestate/lib/python3.8/site-packages/django/template/loader_tags.py", line 157, in render
    return compiled_parent._render(context)
  File "/Users/bubby/miniconda3/envs/realestate/lib/python3.8/site-packages/django/template/base.py", line 167, in _render
    return self.nodelist.render(context)
  File "/Users/bubby/miniconda3/envs/realestate/lib/python3.8/site-packages/django/template/base.py", line 1005, in render
    return SafeString("".join([node.render_annotated(context) for node in self]))
  File "/Users/bubby/miniconda3/envs/realestate/lib/python3.8/site-packages/django/template/base.py", line 1005, in <listcomp>
    return SafeString("".join([node.render_annotated(context) for node in self]))
  File "/Users/bubby/miniconda3/envs/realestate/lib/python3.8/site-packages/django/template/base.py", line 966, in render_annotated
    return self.render(context)
  File "/Users/bubby/miniconda3/envs/realestate/lib/python3.8/site-packages/django/template/loader_tags.py", line 208, in render
    return template.render(context)
  File "/Users/bubby/miniconda3/envs/realestate/lib/python3.8/site-packages/django/template/base.py", line 177, in render
    return self._render(context)
  File "/Users/bubby/miniconda3/envs/realestate/lib/python3.8/site-packages/django/template/base.py", line 167, in _render
    return self.nodelist.render(context)
  File "/Users/bubby/miniconda3/envs/realestate/lib/python3.8/site-packages/django/template/base.py", line 1005, in render
    return SafeString("".join([node.render_annotated(context) for node in self]))
  File "/Users/bubby/miniconda3/envs/realestate/lib/python3.8/site-packages/django/template/base.py", line 1005, in <listcomp>
    return SafeString("".join([node.render_annotated(context) for node in self]))
  File "/Users/bubby/miniconda3/envs/realestate/lib/python3.8/site-packages/django/template/base.py", line 966, in render_annotated
    return self.render(context)
  File "/Users/bubby/miniconda3/envs/realestate/lib/python3.8/site-packages/django/template/loader_tags.py", line 157, in render
    return compiled_parent._render(context)
  File "/Users/bubby/miniconda3/envs/realestate/lib/python3.8/site-packages/django/template/base.py", line 167, in _render
    return self.nodelist.render(context)
  File "/Users/bubby/miniconda3/envs/realestate/lib/python3.8/site-packages/django/template/base.py", line 1005, in render
    return SafeString("".join([node.render_annotated(context) for node in self]))
  File "/Users/bubby/miniconda3/envs/realestate/lib/python3.8/site-packages/django/template/base.py", line 1005, in <listcomp>
    return SafeString("".join([node.render_annotated(context) for node in self]))
  File "/Users/bubby/miniconda3/envs/realestate/lib/python3.8/site-packages/django/template/base.py", line 966, in render_annotated
    return self.render(context)
  File "/Users/bubby/miniconda3/envs/realestate/lib/python3.8/site-packages/django/template/loader_tags.py", line 63, in render
    result = block.nodelist.render(context)
  File "/Users/bubby/miniconda3/envs/realestate/lib/python3.8/site-packages/django/template/base.py", line 1005, in render
    return SafeString("".join([node.render_annotated(context) for node in self]))
  File "/Users/bubby/miniconda3/envs/realestate/lib/python3.8/site-packages/django/template/base.py", line 1005, in <listcomp>
    return SafeString("".join([node.render_annotated(context) for node in self]))
  File "/Users/bubby/miniconda3/envs/realestate/lib/python3.8/site-packages/django/template/base.py", line 966, in render_annotated
    return self.render(context)
  File "/Users/bubby/miniconda3/envs/realestate/lib/python3.8/site-packages/django/template/defaulttags.py", line 471, in render
    url = reverse(view_name, args=args, kwargs=kwargs, current_app=current_app)
  File "/Users/bubby/miniconda3/envs/realestate/lib/python3.8/site-packages/django/urls/base.py", line 88, in reverse
    return resolver._reverse_with_prefix(view, prefix, *args, **kwargs)
  File "/Users/bubby/miniconda3/envs/realestate/lib/python3.8/site-packages/django/urls/resolvers.py", line 828, in _reverse_with_prefix
    raise NoReverseMatch(msg)
django.urls.exceptions.NoReverseMatch: Reverse for 'login' not found. 'login' is not a valid view function or pattern name.
/Users/bubby/realestate/homepage/urls.py changed, reloading.
Watching for file changes with StatReloader
Watching for file changes with StatReloader
Watching for file changes with StatReloader
Watching for file changes with StatReloader
/Users/bubby/realestate/homepage/urls.py changed, reloading.
Watching for file changes with StatReloader
Watching for file changes with StatReloader
Internal Server Error: /
Traceback (most recent call last):
  File "/Users/bubby/miniconda3/envs/realestate/lib/python3.8/site-packages/django/core/handlers/exception.py", line 55, in inner
    response = get_response(request)
  File "/Users/bubby/miniconda3/envs/realestate/lib/python3.8/site-packages/django/core/handlers/base.py", line 197, in _get_response
    response = wrapped_callback(request, *callback_args, **callback_kwargs)
  File "/Users/bubby/realestate/homepage/views.py", line 8, in homepage
    return render(request, 'homepage/homepage.html')
  File "/Users/bubby/miniconda3/envs/realestate/lib/python3.8/site-packages/django/shortcuts.py", line 24, in render
    content = loader.render_to_string(template_name, context, request, using=using)
  File "/Users/bubby/miniconda3/envs/realestate/lib/python3.8/site-packages/django/template/loader.py", line 62, in render_to_string
    return template.render(context, request)
  File "/Users/bubby/miniconda3/envs/realestate/lib/python3.8/site-packages/django/template/backends/django.py", line 61, in render
    return self.template.render(context)
  File "/Users/bubby/miniconda3/envs/realestate/lib/python3.8/site-packages/django/template/base.py", line 175, in render
    return self._render(context)
  File "/Users/bubby/miniconda3/envs/realestate/lib/python3.8/site-packages/django/template/base.py", line 167, in _render
    return self.nodelist.render(context)
  File "/Users/bubby/miniconda3/envs/realestate/lib/python3.8/site-packages/django/template/base.py", line 1005, in render
    return SafeString("".join([node.render_annotated(context) for node in self]))
  File "/Users/bubby/miniconda3/envs/realestate/lib/python3.8/site-packages/django/template/base.py", line 1005, in <listcomp>
    return SafeString("".join([node.render_annotated(context) for node in self]))
  File "/Users/bubby/miniconda3/envs/realestate/lib/python3.8/site-packages/django/template/base.py", line 966, in render_annotated
    return self.render(context)
  File "/Users/bubby/miniconda3/envs/realestate/lib/python3.8/site-packages/django/template/loader_tags.py", line 157, in render
    return compiled_parent._render(context)
  File "/Users/bubby/miniconda3/envs/realestate/lib/python3.8/site-packages/django/template/base.py", line 167, in _render
    return self.nodelist.render(context)
  File "/Users/bubby/miniconda3/envs/realestate/lib/python3.8/site-packages/django/template/base.py", line 1005, in render
    return SafeString("".join([node.render_annotated(context) for node in self]))
  File "/Users/bubby/miniconda3/envs/realestate/lib/python3.8/site-packages/django/template/base.py", line 1005, in <listcomp>
    return SafeString("".join([node.render_annotated(context) for node in self]))
  File "/Users/bubby/miniconda3/envs/realestate/lib/python3.8/site-packages/django/template/base.py", line 966, in render_annotated
    return self.render(context)
  File "/Users/bubby/miniconda3/envs/realestate/lib/python3.8/site-packages/django/template/defaulttags.py", line 471, in render
    url = reverse(view_name, args=args, kwargs=kwargs, current_app=current_app)
  File "/Users/bubby/miniconda3/envs/realestate/lib/python3.8/site-packages/django/urls/base.py", line 88, in reverse
    return resolver._reverse_with_prefix(view, prefix, *args, **kwargs)
  File "/Users/bubby/miniconda3/envs/realestate/lib/python3.8/site-packages/django/urls/resolvers.py", line 828, in _reverse_with_prefix
    raise NoReverseMatch(msg)
django.urls.exceptions.NoReverseMatch: Reverse for 'property_listing' not found. 'property_listing' is not a valid view function or pattern name.
/Users/bubby/realestate/homepage/views.py changed, reloading.
Watching for file changes with StatReloader
/Users/bubby/realestate/homepage/urls.py changed, reloading.
Watching for file changes with StatReloader
Internal Server Error: /property-listing/
Traceback (most recent call last):
  File "/Users/bubby/miniconda3/envs/realestate/lib/python3.8/site-packages/django/core/handlers/exception.py", line 55, in inner
    response = get_response(request)
  File "/Users/bubby/miniconda3/envs/realestate/lib/python3.8/site-packages/django/core/handlers/base.py", line 197, in _get_response
    response = wrapped_callback(request, *callback_args, **callback_kwargs)
  File "/Users/bubby/realestate/homepage/views.py", line 19, in property_listing
    return render(request, 'properties/property_listing.html')
  File "/Users/bubby/miniconda3/envs/realestate/lib/python3.8/site-packages/django/shortcuts.py", line 24, in render
    content = loader.render_to_string(template_name, context, request, using=using)
  File "/Users/bubby/miniconda3/envs/realestate/lib/python3.8/site-packages/django/template/loader.py", line 61, in render_to_string
    template = get_template(template_name, using=using)
  File "/Users/bubby/miniconda3/envs/realestate/lib/python3.8/site-packages/django/template/loader.py", line 19, in get_template
    raise TemplateDoesNotExist(template_name, chain=chain)
django.template.exceptions.TemplateDoesNotExist: properties/property_listing.html
/Users/bubby/realestate/homepage/views.py changed, reloading.
Watching for file changes with StatReloader
/Users/bubby/realestate/homepage/views.py changed, reloading.
Watching for file changes with StatReloader
/Users/bubby/realestate/homepage/urls.py changed, reloading.
Watching for file changes with StatReloader
Internal Server Error: /login/
Traceback (most recent call last):
  File "/Users/bubby/miniconda3/envs/realestate/lib/python3.8/site-packages/django/template/backends/django.py", line 61, in render
    return self.template.render(context)
  File "/Users/bubby/miniconda3/envs/realestate/lib/python3.8/site-packages/django/template/base.py", line 175, in render
    return self._render(context)
  File "/Users/bubby/miniconda3/envs/realestate/lib/python3.8/site-packages/django/template/base.py", line 167, in _render
    return self.nodelist.render(context)
  File "/Users/bubby/miniconda3/envs/realestate/lib/python3.8/site-packages/django/template/base.py", line 1005, in render
    return SafeString("".join([node.render_annotated(context) for node in self]))
  File "/Users/bubby/miniconda3/envs/realestate/lib/python3.8/site-packages/django/template/base.py", line 1005, in <listcomp>
    return SafeString("".join([node.render_annotated(context) for node in self]))
  File "/Users/bubby/miniconda3/envs/realestate/lib/python3.8/site-packages/django/template/base.py", line 966, in render_annotated
    return self.render(context)
  File "/Users/bubby/miniconda3/envs/realestate/lib/python3.8/site-packages/django/template/loader_tags.py", line 132, in render
    compiled_parent = self.get_parent(context)
  File "/Users/bubby/miniconda3/envs/realestate/lib/python3.8/site-packages/django/template/loader_tags.py", line 129, in get_parent
    return self.find_template(parent, context)
  File "/Users/bubby/miniconda3/envs/realestate/lib/python3.8/site-packages/django/template/loader_tags.py", line 107, in find_template
    template, origin = context.template.engine.find_template(
  File "/Users/bubby/miniconda3/envs/realestate/lib/python3.8/site-packages/django/template/engine.py", line 161, in find_template
    raise TemplateDoesNotExist(name, tried=tried)
django.template.exceptions.TemplateDoesNotExist: homepage/base.html

The above exception was the direct cause of the following exception:

Traceback (most recent call last):
  File "/Users/bubby/miniconda3/envs/realestate/lib/python3.8/site-packages/django/core/handlers/exception.py", line 55, in inner
    response = get_response(request)
  File "/Users/bubby/miniconda3/envs/realestate/lib/python3.8/site-packages/django/core/handlers/base.py", line 197, in _get_response
    response = wrapped_callback(request, *callback_args, **callback_kwargs)
  File "/Users/bubby/realestate/homepage/views.py", line 39, in user_login
    return render(request, 'homepage/login.html')
  File "/Users/bubby/miniconda3/envs/realestate/lib/python3.8/site-packages/django/shortcuts.py", line 24, in render
    content = loader.render_to_string(template_name, context, request, using=using)
  File "/Users/bubby/miniconda3/envs/realestate/lib/python3.8/site-packages/django/template/loader.py", line 62, in render_to_string
    return template.render(context, request)
  File "/Users/bubby/miniconda3/envs/realestate/lib/python3.8/site-packages/django/template/backends/django.py", line 63, in render
    reraise(exc, self.backend)
  File "/Users/bubby/miniconda3/envs/realestate/lib/python3.8/site-packages/django/template/backends/django.py", line 84, in reraise
    raise new from exc
django.template.exceptions.TemplateDoesNotExist: homepage/base.html
Watching for file changes with StatReloader
Watching for file changes with StatReloader
Not Found: /property-listing/properties/property-listing/
Not Found: /property-listing/properties/property-listing/
/Users/bubby/realestate/realestate/urls.py changed, reloading.
Watching for file changes with StatReloader
Not Found: /property-listing/properties/property-listing/
Not Found: /property-listing/properties/property-listing/
/Users/bubby/realestate/realestate/urls.py changed, reloading.
Watching for file changes with StatReloader
/Users/bubby/realestate/realestate/urls.py changed, reloading.
Watching for file changes with StatReloader
/Users/bubby/realestate/homepage/urls.py changed, reloading.
Watching for file changes with StatReloader
/Users/bubby/realestate/homepage/urls.py changed, reloading.
Watching for file changes with StatReloader
/Users/bubby/realestate/homepage/views.py changed, reloading.
Watching for file changes with StatReloader
/Users/bubby/realestate/homepage/urls.py changed, reloading.
Watching for file changes with StatReloader
Not Found: /property-listing/
Not Found: /property-listing/
/Users/bubby/realestate/realestate/urls.py changed, reloading.
Watching for file changes with StatReloader
Not Found: /property-listing/
/Users/bubby/realestate/homepage/urls.py changed, reloading.
Watching for file changes with StatReloader
/Users/bubby/realestate/properties/urls.py changed, reloading.
Watching for file changes with StatReloader
/Users/bubby/realestate/properties/urls.py changed, reloading.
Watching for file changes with StatReloader
/Users/bubby/realestate/properties/views.py changed, reloading.
Watching for file changes with StatReloader
/Users/bubby/realestate/properties/urls.py changed, reloading.
Watching for file changes with StatReloader
/Users/bubby/realestate/properties/urls.py changed, reloading.
Watching for file changes with StatReloader
Not Found: /add-to-favorites/74278861/
Watching for file changes with StatReloader
Not Found: /favicon.ico
Internal Server Error: /property-listing/
Traceback (most recent call last):
  File "/Users/bubby/miniconda3/envs/realestate/lib/python3.8/site-packages/django/core/handlers/exception.py", line 55, in inner
    response = get_response(request)
  File "/Users/bubby/miniconda3/envs/realestate/lib/python3.8/site-packages/django/core/handlers/base.py", line 197, in _get_response
    response = wrapped_callback(request, *callback_args, **callback_kwargs)
  File "/Users/bubby/realestate/properties/views.py", line 21, in property_listing
    properties = api_data.get("props", [])
AttributeError: 'list' object has no attribute 'get'
Internal Server Error: /property-listing/
Traceback (most recent call last):
  File "/Users/bubby/miniconda3/envs/realestate/lib/python3.8/site-packages/django/core/handlers/exception.py", line 55, in inner
    response = get_response(request)
  File "/Users/bubby/miniconda3/envs/realestate/lib/python3.8/site-packages/django/core/handlers/base.py", line 197, in _get_response
    response = wrapped_callback(request, *callback_args, **callback_kwargs)
  File "/Users/bubby/realestate/properties/views.py", line 21, in property_listing
    properties = api_data.get("props", [])
AttributeError: 'list' object has no attribute 'get'
Watching for file changes with StatReloader
Not Found: /add-to-favorites/74278861/
/Users/bubby/realestate/properties/urls.py changed, reloading.
Watching for file changes with StatReloader
Not Found: /add-to-favorites/2060434778/
Not Found: /favorites/
Not Found: /favorites/
Not Found: /favorites/
Not Found: /favorites-list/
Not Found: /favorites-list/
Not Found: /favorites-list/
Watching for file changes with StatReloader
Internal Server Error: /property-listing/
Traceback (most recent call last):
  File "/Users/bubby/miniconda3/envs/realestate/lib/python3.8/site-packages/django/core/handlers/exception.py", line 55, in inner
    response = get_response(request)
  File "/Users/bubby/miniconda3/envs/realestate/lib/python3.8/site-packages/django/core/handlers/base.py", line 197, in _get_response
    response = wrapped_callback(request, *callback_args, **callback_kwargs)
  File "/Users/bubby/realestate/properties/views.py", line 25, in property_listing
    return render(request, 'properties/listing_ajax.html')
  File "/Users/bubby/miniconda3/envs/realestate/lib/python3.8/site-packages/django/shortcuts.py", line 24, in render
    content = loader.render_to_string(template_name, context, request, using=using)
  File "/Users/bubby/miniconda3/envs/realestate/lib/python3.8/site-packages/django/template/loader.py", line 62, in render_to_string
    return template.render(context, request)
  File "/Users/bubby/miniconda3/envs/realestate/lib/python3.8/site-packages/django/template/backends/django.py", line 61, in render
    return self.template.render(context)
  File "/Users/bubby/miniconda3/envs/realestate/lib/python3.8/site-packages/django/template/base.py", line 175, in render
    return self._render(context)
  File "/Users/bubby/miniconda3/envs/realestate/lib/python3.8/site-packages/django/template/base.py", line 167, in _render
    return self.nodelist.render(context)
  File "/Users/bubby/miniconda3/envs/realestate/lib/python3.8/site-packages/django/template/base.py", line 1005, in render
    return SafeString("".join([node.render_annotated(context) for node in self]))
  File "/Users/bubby/miniconda3/envs/realestate/lib/python3.8/site-packages/django/template/base.py", line 1005, in <listcomp>
    return SafeString("".join([node.render_annotated(context) for node in self]))
  File "/Users/bubby/miniconda3/envs/realestate/lib/python3.8/site-packages/django/template/base.py", line 966, in render_annotated
    return self.render(context)
  File "/Users/bubby/miniconda3/envs/realestate/lib/python3.8/site-packages/django/template/defaulttags.py", line 471, in render
    url = reverse(view_name, args=args, kwargs=kwargs, current_app=current_app)
  File "/Users/bubby/miniconda3/envs/realestate/lib/python3.8/site-packages/django/urls/base.py", line 88, in reverse
    return resolver._reverse_with_prefix(view, prefix, *args, **kwargs)
  File "/Users/bubby/miniconda3/envs/realestate/lib/python3.8/site-packages/django/urls/resolvers.py", line 828, in _reverse_with_prefix
    raise NoReverseMatch(msg)
django.urls.exceptions.NoReverseMatch: Reverse for 'favorites_list' not found. 'favorites_list' is not a valid view function or pattern name.
Watching for file changes with StatReloader
Not Found: /favicon.ico
/Users/bubby/realestate/properties/models.py changed, reloading.
Watching for file changes with StatReloader
Watching for file changes with StatReloader
Internal Server Error: /property-listing/
Traceback (most recent call last):
  File "/Users/bubby/miniconda3/envs/realestate/lib/python3.8/site-packages/django/template/base.py", line 505, in parse
    compile_func = self.tags[command]
KeyError: 'static'

During handling of the above exception, another exception occurred:

Traceback (most recent call last):
  File "/Users/bubby/miniconda3/envs/realestate/lib/python3.8/site-packages/django/core/handlers/exception.py", line 55, in inner
    response = get_response(request)
  File "/Users/bubby/miniconda3/envs/realestate/lib/python3.8/site-packages/django/core/handlers/base.py", line 197, in _get_response
    response = wrapped_callback(request, *callback_args, **callback_kwargs)
  File "/Users/bubby/realestate/properties/views.py", line 26, in property_listing
    return render(request, 'properties/listing_ajax.html')
  File "/Users/bubby/miniconda3/envs/realestate/lib/python3.8/site-packages/django/shortcuts.py", line 24, in render
    content = loader.render_to_string(template_name, context, request, using=using)
  File "/Users/bubby/miniconda3/envs/realestate/lib/python3.8/site-packages/django/template/loader.py", line 61, in render_to_string
    template = get_template(template_name, using=using)
  File "/Users/bubby/miniconda3/envs/realestate/lib/python3.8/site-packages/django/template/loader.py", line 15, in get_template
    return engine.get_template(template_name)
  File "/Users/bubby/miniconda3/envs/realestate/lib/python3.8/site-packages/django/template/backends/django.py", line 33, in get_template
    return Template(self.engine.get_template(template_name), self)
  File "/Users/bubby/miniconda3/envs/realestate/lib/python3.8/site-packages/django/template/engine.py", line 175, in get_template
    template, origin = self.find_template(template_name)
  File "/Users/bubby/miniconda3/envs/realestate/lib/python3.8/site-packages/django/template/engine.py", line 157, in find_template
    template = loader.get_template(name, skip=skip)
  File "/Users/bubby/miniconda3/envs/realestate/lib/python3.8/site-packages/django/template/loaders/cached.py", line 57, in get_template
    template = super().get_template(template_name, skip)
  File "/Users/bubby/miniconda3/envs/realestate/lib/python3.8/site-packages/django/template/loaders/base.py", line 28, in get_template
    return Template(
  File "/Users/bubby/miniconda3/envs/realestate/lib/python3.8/site-packages/django/template/base.py", line 154, in __init__
    self.nodelist = self.compile_nodelist()
  File "/Users/bubby/miniconda3/envs/realestate/lib/python3.8/site-packages/django/template/base.py", line 200, in compile_nodelist
    return parser.parse()
  File "/Users/bubby/miniconda3/envs/realestate/lib/python3.8/site-packages/django/template/base.py", line 513, in parse
    raise self.error(token, e)
  File "/Users/bubby/miniconda3/envs/realestate/lib/python3.8/site-packages/django/template/base.py", line 511, in parse
    compiled_result = compile_func(self, token)
  File "/Users/bubby/miniconda3/envs/realestate/lib/python3.8/site-packages/django/template/loader_tags.py", line 293, in do_extends
    nodelist = parser.parse()
  File "/Users/bubby/miniconda3/envs/realestate/lib/python3.8/site-packages/django/template/base.py", line 513, in parse
    raise self.error(token, e)
  File "/Users/bubby/miniconda3/envs/realestate/lib/python3.8/site-packages/django/template/base.py", line 511, in parse
    compiled_result = compile_func(self, token)
  File "/Users/bubby/miniconda3/envs/realestate/lib/python3.8/site-packages/django/template/loader_tags.py", line 232, in do_block
    nodelist = parser.parse(("endblock",))
  File "/Users/bubby/miniconda3/envs/realestate/lib/python3.8/site-packages/django/template/base.py", line 507, in parse
    self.invalid_block_tag(token, command, parse_until)
  File "/Users/bubby/miniconda3/envs/realestate/lib/python3.8/site-packages/django/template/base.py", line 558, in invalid_block_tag
    raise self.error(
django.template.exceptions.TemplateSyntaxError: Invalid block tag on line 52: 'static', expected 'endblock'. Did you forget to register or load this tag?
Internal Server Error: /property-listing/
Traceback (most recent call last):
  File "/Users/bubby/miniconda3/envs/realestate/lib/python3.8/site-packages/django/template/base.py", line 505, in parse
    compile_func = self.tags[command]
KeyError: 'static'

During handling of the above exception, another exception occurred:

Traceback (most recent call last):
  File "/Users/bubby/miniconda3/envs/realestate/lib/python3.8/site-packages/django/core/handlers/exception.py", line 55, in inner
    response = get_response(request)
  File "/Users/bubby/miniconda3/envs/realestate/lib/python3.8/site-packages/django/core/handlers/base.py", line 197, in _get_response
    response = wrapped_callback(request, *callback_args, **callback_kwargs)
  File "/Users/bubby/realestate/properties/views.py", line 26, in property_listing
    return render(request, 'properties/listing_ajax.html')
  File "/Users/bubby/miniconda3/envs/realestate/lib/python3.8/site-packages/django/shortcuts.py", line 24, in render
    content = loader.render_to_string(template_name, context, request, using=using)
  File "/Users/bubby/miniconda3/envs/realestate/lib/python3.8/site-packages/django/template/loader.py", line 61, in render_to_string
    template = get_template(template_name, using=using)
  File "/Users/bubby/miniconda3/envs/realestate/lib/python3.8/site-packages/django/template/loader.py", line 15, in get_template
    return engine.get_template(template_name)
  File "/Users/bubby/miniconda3/envs/realestate/lib/python3.8/site-packages/django/template/backends/django.py", line 33, in get_template
    return Template(self.engine.get_template(template_name), self)
  File "/Users/bubby/miniconda3/envs/realestate/lib/python3.8/site-packages/django/template/engine.py", line 175, in get_template
    template, origin = self.find_template(template_name)
  File "/Users/bubby/miniconda3/envs/realestate/lib/python3.8/site-packages/django/template/engine.py", line 157, in find_template
    template = loader.get_template(name, skip=skip)
  File "/Users/bubby/miniconda3/envs/realestate/lib/python3.8/site-packages/django/template/loaders/cached.py", line 57, in get_template
    template = super().get_template(template_name, skip)
  File "/Users/bubby/miniconda3/envs/realestate/lib/python3.8/site-packages/django/template/loaders/base.py", line 28, in get_template
    return Template(
  File "/Users/bubby/miniconda3/envs/realestate/lib/python3.8/site-packages/django/template/base.py", line 154, in __init__
    self.nodelist = self.compile_nodelist()
  File "/Users/bubby/miniconda3/envs/realestate/lib/python3.8/site-packages/django/template/base.py", line 200, in compile_nodelist
    return parser.parse()
  File "/Users/bubby/miniconda3/envs/realestate/lib/python3.8/site-packages/django/template/base.py", line 513, in parse
    raise self.error(token, e)
  File "/Users/bubby/miniconda3/envs/realestate/lib/python3.8/site-packages/django/template/base.py", line 511, in parse
    compiled_result = compile_func(self, token)
  File "/Users/bubby/miniconda3/envs/realestate/lib/python3.8/site-packages/django/template/loader_tags.py", line 293, in do_extends
    nodelist = parser.parse()
  File "/Users/bubby/miniconda3/envs/realestate/lib/python3.8/site-packages/django/template/base.py", line 513, in parse
    raise self.error(token, e)
  File "/Users/bubby/miniconda3/envs/realestate/lib/python3.8/site-packages/django/template/base.py", line 511, in parse
    compiled_result = compile_func(self, token)
  File "/Users/bubby/miniconda3/envs/realestate/lib/python3.8/site-packages/django/template/loader_tags.py", line 232, in do_block
    nodelist = parser.parse(("endblock",))
  File "/Users/bubby/miniconda3/envs/realestate/lib/python3.8/site-packages/django/template/base.py", line 507, in parse
    self.invalid_block_tag(token, command, parse_until)
  File "/Users/bubby/miniconda3/envs/realestate/lib/python3.8/site-packages/django/template/base.py", line 558, in invalid_block_tag
    raise self.error(
django.template.exceptions.TemplateSyntaxError: Invalid block tag on line 52: 'static', expected 'endblock'. Did you forget to register or load this tag?
Internal Server Error: /property-listing/
Traceback (most recent call last):
  File "/Users/bubby/miniconda3/envs/realestate/lib/python3.8/site-packages/django/template/base.py", line 505, in parse
    compile_func = self.tags[command]
KeyError: 'static'

During handling of the above exception, another exception occurred:

Traceback (most recent call last):
  File "/Users/bubby/miniconda3/envs/realestate/lib/python3.8/site-packages/django/core/handlers/exception.py", line 55, in inner
    response = get_response(request)
  File "/Users/bubby/miniconda3/envs/realestate/lib/python3.8/site-packages/django/core/handlers/base.py", line 197, in _get_response
    response = wrapped_callback(request, *callback_args, **callback_kwargs)
  File "/Users/bubby/realestate/properties/views.py", line 26, in property_listing
    return render(request, 'properties/listing_ajax.html')
  File "/Users/bubby/miniconda3/envs/realestate/lib/python3.8/site-packages/django/shortcuts.py", line 24, in render
    content = loader.render_to_string(template_name, context, request, using=using)
  File "/Users/bubby/miniconda3/envs/realestate/lib/python3.8/site-packages/django/template/loader.py", line 61, in render_to_string
    template = get_template(template_name, using=using)
  File "/Users/bubby/miniconda3/envs/realestate/lib/python3.8/site-packages/django/template/loader.py", line 15, in get_template
    return engine.get_template(template_name)
  File "/Users/bubby/miniconda3/envs/realestate/lib/python3.8/site-packages/django/template/backends/django.py", line 33, in get_template
    return Template(self.engine.get_template(template_name), self)
  File "/Users/bubby/miniconda3/envs/realestate/lib/python3.8/site-packages/django/template/engine.py", line 175, in get_template
    template, origin = self.find_template(template_name)
  File "/Users/bubby/miniconda3/envs/realestate/lib/python3.8/site-packages/django/template/engine.py", line 157, in find_template
    template = loader.get_template(name, skip=skip)
  File "/Users/bubby/miniconda3/envs/realestate/lib/python3.8/site-packages/django/template/loaders/cached.py", line 57, in get_template
    template = super().get_template(template_name, skip)
  File "/Users/bubby/miniconda3/envs/realestate/lib/python3.8/site-packages/django/template/loaders/base.py", line 28, in get_template
    return Template(
  File "/Users/bubby/miniconda3/envs/realestate/lib/python3.8/site-packages/django/template/base.py", line 154, in __init__
    self.nodelist = self.compile_nodelist()
  File "/Users/bubby/miniconda3/envs/realestate/lib/python3.8/site-packages/django/template/base.py", line 200, in compile_nodelist
    return parser.parse()
  File "/Users/bubby/miniconda3/envs/realestate/lib/python3.8/site-packages/django/template/base.py", line 513, in parse
    raise self.error(token, e)
  File "/Users/bubby/miniconda3/envs/realestate/lib/python3.8/site-packages/django/template/base.py", line 511, in parse
    compiled_result = compile_func(self, token)
  File "/Users/bubby/miniconda3/envs/realestate/lib/python3.8/site-packages/django/template/loader_tags.py", line 293, in do_extends
    nodelist = parser.parse()
  File "/Users/bubby/miniconda3/envs/realestate/lib/python3.8/site-packages/django/template/base.py", line 513, in parse
    raise self.error(token, e)
  File "/Users/bubby/miniconda3/envs/realestate/lib/python3.8/site-packages/django/template/base.py", line 511, in parse
    compiled_result = compile_func(self, token)
  File "/Users/bubby/miniconda3/envs/realestate/lib/python3.8/site-packages/django/template/loader_tags.py", line 232, in do_block
    nodelist = parser.parse(("endblock",))
  File "/Users/bubby/miniconda3/envs/realestate/lib/python3.8/site-packages/django/template/base.py", line 507, in parse
    self.invalid_block_tag(token, command, parse_until)
  File "/Users/bubby/miniconda3/envs/realestate/lib/python3.8/site-packages/django/template/base.py", line 558, in invalid_block_tag
    raise self.error(
django.template.exceptions.TemplateSyntaxError: Invalid block tag on line 52: 'static', expected 'endblock'. Did you forget to register or load this tag?
Internal Server Error: /property-listing/
Traceback (most recent call last):
  File "/Users/bubby/miniconda3/envs/realestate/lib/python3.8/site-packages/django/template/base.py", line 505, in parse
    compile_func = self.tags[command]
KeyError: 'static'

During handling of the above exception, another exception occurred:

Traceback (most recent call last):
  File "/Users/bubby/miniconda3/envs/realestate/lib/python3.8/site-packages/django/core/handlers/exception.py", line 55, in inner
    response = get_response(request)
  File "/Users/bubby/miniconda3/envs/realestate/lib/python3.8/site-packages/django/core/handlers/base.py", line 197, in _get_response
    response = wrapped_callback(request, *callback_args, **callback_kwargs)
  File "/Users/bubby/realestate/properties/views.py", line 26, in property_listing
    return render(request, 'properties/listing_ajax.html')
  File "/Users/bubby/miniconda3/envs/realestate/lib/python3.8/site-packages/django/shortcuts.py", line 24, in render
    content = loader.render_to_string(template_name, context, request, using=using)
  File "/Users/bubby/miniconda3/envs/realestate/lib/python3.8/site-packages/django/template/loader.py", line 61, in render_to_string
    template = get_template(template_name, using=using)
  File "/Users/bubby/miniconda3/envs/realestate/lib/python3.8/site-packages/django/template/loader.py", line 15, in get_template
    return engine.get_template(template_name)
  File "/Users/bubby/miniconda3/envs/realestate/lib/python3.8/site-packages/django/template/backends/django.py", line 33, in get_template
    return Template(self.engine.get_template(template_name), self)
  File "/Users/bubby/miniconda3/envs/realestate/lib/python3.8/site-packages/django/template/engine.py", line 175, in get_template
    template, origin = self.find_template(template_name)
  File "/Users/bubby/miniconda3/envs/realestate/lib/python3.8/site-packages/django/template/engine.py", line 157, in find_template
    template = loader.get_template(name, skip=skip)
  File "/Users/bubby/miniconda3/envs/realestate/lib/python3.8/site-packages/django/template/loaders/cached.py", line 57, in get_template
    template = super().get_template(template_name, skip)
  File "/Users/bubby/miniconda3/envs/realestate/lib/python3.8/site-packages/django/template/loaders/base.py", line 28, in get_template
    return Template(
  File "/Users/bubby/miniconda3/envs/realestate/lib/python3.8/site-packages/django/template/base.py", line 154, in __init__
    self.nodelist = self.compile_nodelist()
  File "/Users/bubby/miniconda3/envs/realestate/lib/python3.8/site-packages/django/template/base.py", line 200, in compile_nodelist
    return parser.parse()
  File "/Users/bubby/miniconda3/envs/realestate/lib/python3.8/site-packages/django/template/base.py", line 513, in parse
    raise self.error(token, e)
  File "/Users/bubby/miniconda3/envs/realestate/lib/python3.8/site-packages/django/template/base.py", line 511, in parse
    compiled_result = compile_func(self, token)
  File "/Users/bubby/miniconda3/envs/realestate/lib/python3.8/site-packages/django/template/loader_tags.py", line 293, in do_extends
    nodelist = parser.parse()
  File "/Users/bubby/miniconda3/envs/realestate/lib/python3.8/site-packages/django/template/base.py", line 513, in parse
    raise self.error(token, e)
  File "/Users/bubby/miniconda3/envs/realestate/lib/python3.8/site-packages/django/template/base.py", line 511, in parse
    compiled_result = compile_func(self, token)
  File "/Users/bubby/miniconda3/envs/realestate/lib/python3.8/site-packages/django/template/loader_tags.py", line 232, in do_block
    nodelist = parser.parse(("endblock",))
  File "/Users/bubby/miniconda3/envs/realestate/lib/python3.8/site-packages/django/template/base.py", line 507, in parse
    self.invalid_block_tag(token, command, parse_until)
  File "/Users/bubby/miniconda3/envs/realestate/lib/python3.8/site-packages/django/template/base.py", line 558, in invalid_block_tag
    raise self.error(
django.template.exceptions.TemplateSyntaxError: Invalid block tag on line 52: 'static', expected 'endblock'. Did you forget to register or load this tag?
Internal Server Error: /property-listing/
Traceback (most recent call last):
  File "/Users/bubby/miniconda3/envs/realestate/lib/python3.8/site-packages/django/template/base.py", line 505, in parse
    compile_func = self.tags[command]
KeyError: 'static'

During handling of the above exception, another exception occurred:

Traceback (most recent call last):
  File "/Users/bubby/miniconda3/envs/realestate/lib/python3.8/site-packages/django/core/handlers/exception.py", line 55, in inner
    response = get_response(request)
  File "/Users/bubby/miniconda3/envs/realestate/lib/python3.8/site-packages/django/core/handlers/base.py", line 197, in _get_response
    response = wrapped_callback(request, *callback_args, **callback_kwargs)
  File "/Users/bubby/realestate/properties/views.py", line 26, in property_listing
    return render(request, 'properties/listing_ajax.html')
  File "/Users/bubby/miniconda3/envs/realestate/lib/python3.8/site-packages/django/shortcuts.py", line 24, in render
    content = loader.render_to_string(template_name, context, request, using=using)
  File "/Users/bubby/miniconda3/envs/realestate/lib/python3.8/site-packages/django/template/loader.py", line 61, in render_to_string
    template = get_template(template_name, using=using)
  File "/Users/bubby/miniconda3/envs/realestate/lib/python3.8/site-packages/django/template/loader.py", line 15, in get_template
    return engine.get_template(template_name)
  File "/Users/bubby/miniconda3/envs/realestate/lib/python3.8/site-packages/django/template/backends/django.py", line 33, in get_template
    return Template(self.engine.get_template(template_name), self)
  File "/Users/bubby/miniconda3/envs/realestate/lib/python3.8/site-packages/django/template/engine.py", line 175, in get_template
    template, origin = self.find_template(template_name)
  File "/Users/bubby/miniconda3/envs/realestate/lib/python3.8/site-packages/django/template/engine.py", line 157, in find_template
    template = loader.get_template(name, skip=skip)
  File "/Users/bubby/miniconda3/envs/realestate/lib/python3.8/site-packages/django/template/loaders/cached.py", line 57, in get_template
    template = super().get_template(template_name, skip)
  File "/Users/bubby/miniconda3/envs/realestate/lib/python3.8/site-packages/django/template/loaders/base.py", line 28, in get_template
    return Template(
  File "/Users/bubby/miniconda3/envs/realestate/lib/python3.8/site-packages/django/template/base.py", line 154, in __init__
    self.nodelist = self.compile_nodelist()
  File "/Users/bubby/miniconda3/envs/realestate/lib/python3.8/site-packages/django/template/base.py", line 200, in compile_nodelist
    return parser.parse()
  File "/Users/bubby/miniconda3/envs/realestate/lib/python3.8/site-packages/django/template/base.py", line 513, in parse
    raise self.error(token, e)
  File "/Users/bubby/miniconda3/envs/realestate/lib/python3.8/site-packages/django/template/base.py", line 511, in parse
    compiled_result = compile_func(self, token)
  File "/Users/bubby/miniconda3/envs/realestate/lib/python3.8/site-packages/django/template/loader_tags.py", line 293, in do_extends
    nodelist = parser.parse()
  File "/Users/bubby/miniconda3/envs/realestate/lib/python3.8/site-packages/django/template/base.py", line 513, in parse
    raise self.error(token, e)
  File "/Users/bubby/miniconda3/envs/realestate/lib/python3.8/site-packages/django/template/base.py", line 511, in parse
    compiled_result = compile_func(self, token)
  File "/Users/bubby/miniconda3/envs/realestate/lib/python3.8/site-packages/django/template/loader_tags.py", line 232, in do_block
    nodelist = parser.parse(("endblock",))
  File "/Users/bubby/miniconda3/envs/realestate/lib/python3.8/site-packages/django/template/base.py", line 507, in parse
    self.invalid_block_tag(token, command, parse_until)
  File "/Users/bubby/miniconda3/envs/realestate/lib/python3.8/site-packages/django/template/base.py", line 558, in invalid_block_tag
    raise self.error(
django.template.exceptions.TemplateSyntaxError: Invalid block tag on line 52: 'static', expected 'endblock'. Did you forget to register or load this tag?
Internal Server Error: /property-listing/
Traceback (most recent call last):
  File "/Users/bubby/miniconda3/envs/realestate/lib/python3.8/site-packages/django/template/base.py", line 505, in parse
    compile_func = self.tags[command]
KeyError: 'static'

During handling of the above exception, another exception occurred:

Traceback (most recent call last):
  File "/Users/bubby/miniconda3/envs/realestate/lib/python3.8/site-packages/django/core/handlers/exception.py", line 55, in inner
    response = get_response(request)
  File "/Users/bubby/miniconda3/envs/realestate/lib/python3.8/site-packages/django/core/handlers/base.py", line 197, in _get_response
    response = wrapped_callback(request, *callback_args, **callback_kwargs)
  File "/Users/bubby/realestate/properties/views.py", line 26, in property_listing
    return render(request, 'properties/listing_ajax.html')
  File "/Users/bubby/miniconda3/envs/realestate/lib/python3.8/site-packages/django/shortcuts.py", line 24, in render
    content = loader.render_to_string(template_name, context, request, using=using)
  File "/Users/bubby/miniconda3/envs/realestate/lib/python3.8/site-packages/django/template/loader.py", line 61, in render_to_string
    template = get_template(template_name, using=using)
  File "/Users/bubby/miniconda3/envs/realestate/lib/python3.8/site-packages/django/template/loader.py", line 15, in get_template
    return engine.get_template(template_name)
  File "/Users/bubby/miniconda3/envs/realestate/lib/python3.8/site-packages/django/template/backends/django.py", line 33, in get_template
    return Template(self.engine.get_template(template_name), self)
  File "/Users/bubby/miniconda3/envs/realestate/lib/python3.8/site-packages/django/template/engine.py", line 175, in get_template
    template, origin = self.find_template(template_name)
  File "/Users/bubby/miniconda3/envs/realestate/lib/python3.8/site-packages/django/template/engine.py", line 157, in find_template
    template = loader.get_template(name, skip=skip)
  File "/Users/bubby/miniconda3/envs/realestate/lib/python3.8/site-packages/django/template/loaders/cached.py", line 57, in get_template
    template = super().get_template(template_name, skip)
  File "/Users/bubby/miniconda3/envs/realestate/lib/python3.8/site-packages/django/template/loaders/base.py", line 28, in get_template
    return Template(
  File "/Users/bubby/miniconda3/envs/realestate/lib/python3.8/site-packages/django/template/base.py", line 154, in __init__
    self.nodelist = self.compile_nodelist()
  File "/Users/bubby/miniconda3/envs/realestate/lib/python3.8/site-packages/django/template/base.py", line 200, in compile_nodelist
    return parser.parse()
  File "/Users/bubby/miniconda3/envs/realestate/lib/python3.8/site-packages/django/template/base.py", line 513, in parse
    raise self.error(token, e)
  File "/Users/bubby/miniconda3/envs/realestate/lib/python3.8/site-packages/django/template/base.py", line 511, in parse
    compiled_result = compile_func(self, token)
  File "/Users/bubby/miniconda3/envs/realestate/lib/python3.8/site-packages/django/template/loader_tags.py", line 293, in do_extends
    nodelist = parser.parse()
  File "/Users/bubby/miniconda3/envs/realestate/lib/python3.8/site-packages/django/template/base.py", line 513, in parse
    raise self.error(token, e)
  File "/Users/bubby/miniconda3/envs/realestate/lib/python3.8/site-packages/django/template/base.py", line 511, in parse
    compiled_result = compile_func(self, token)
  File "/Users/bubby/miniconda3/envs/realestate/lib/python3.8/site-packages/django/template/loader_tags.py", line 232, in do_block
    nodelist = parser.parse(("endblock",))
  File "/Users/bubby/miniconda3/envs/realestate/lib/python3.8/site-packages/django/template/base.py", line 507, in parse
    self.invalid_block_tag(token, command, parse_until)
  File "/Users/bubby/miniconda3/envs/realestate/lib/python3.8/site-packages/django/template/base.py", line 558, in invalid_block_tag
    raise self.error(
django.template.exceptions.TemplateSyntaxError: Invalid block tag on line 52: 'static', expected 'endblock'. Did you forget to register or load this tag?
Not Found: /add-to-favorites/
Not Found: /add-to-favorites/
Not Found: /favorites-list/
Not Found: /favicon.ico
Not Found: /add-to-favorites/
Not Found: /add-to-favorites/
Not Found: /add-to-favorites/
Not Found: /add-to-favorites/
Not Found: /add-to-favorites/
Not Found: /add-to-favorites/
Not Found: /add-to-favorites/
Not Found: /add-to-favorites/
Not Found: /add-to-favorites/
Watching for file changes with StatReloader
Not Found: /favicon.ico
Not Found: /add-to-favorites/
Not Found: /add-to-favorites/
Not Found: /add-to-favorites/
Not Found: /add-to-favorites/
Not Found: /add-to-favorites/
Not Found: /add-to-favorites/
Not Found: /add-to-favorites/
Not Found: /add-to-favorites/
Not Found: /add-to-favorites/
Not Found: /add-to-favorites/
Not Found: /add-to-favorites/
Not Found: /add-to-favorites/
Not Found: /add-to-favorites/
Not Found: /add-to-favorites/
Not Found: /add-to-favorites/
Not Found: /add-to-favorites/
Not Found: /add-to-favorites/
Internal Server Error: /property-listing/
Traceback (most recent call last):
  File "/Users/bubby/miniconda3/envs/realestate/lib/python3.8/site-packages/django/core/handlers/exception.py", line 55, in inner
    response = get_response(request)
  File "/Users/bubby/miniconda3/envs/realestate/lib/python3.8/site-packages/django/core/handlers/base.py", line 197, in _get_response
    response = wrapped_callback(request, *callback_args, **callback_kwargs)
  File "/Users/bubby/realestate/properties/views.py", line 22, in property_listing
    properties = api_data.get("props", [])
AttributeError: 'list' object has no attribute 'get'
Internal Server Error: /property-listing/
Traceback (most recent call last):
  File "/Users/bubby/miniconda3/envs/realestate/lib/python3.8/site-packages/django/core/handlers/exception.py", line 55, in inner
    response = get_response(request)
  File "/Users/bubby/miniconda3/envs/realestate/lib/python3.8/site-packages/django/core/handlers/base.py", line 197, in _get_response
    response = wrapped_callback(request, *callback_args, **callback_kwargs)
  File "/Users/bubby/realestate/properties/views.py", line 22, in property_listing
    properties = api_data.get("props", [])
AttributeError: 'list' object has no attribute 'get'
Internal Server Error: /property-listing/
Traceback (most recent call last):
  File "/Users/bubby/miniconda3/envs/realestate/lib/python3.8/site-packages/django/core/handlers/exception.py", line 55, in inner
    response = get_response(request)
  File "/Users/bubby/miniconda3/envs/realestate/lib/python3.8/site-packages/django/core/handlers/base.py", line 197, in _get_response
    response = wrapped_callback(request, *callback_args, **callback_kwargs)
  File "/Users/bubby/realestate/properties/views.py", line 22, in property_listing
    properties = api_data.get("props", [])
AttributeError: 'list' object has no attribute 'get'
/Users/bubby/realestate/properties/views.py changed, reloading.
Watching for file changes with StatReloader
Not Found: /favorites-list/
Not Found: /favorites-list/
Not Found: /favorites-list/
Not Found: /favorites-list/
Not Found: /favorites-list/
Not Found: /favorites-list/
Not Found: /favorites-list/
Not Found: /favorites-list/
Not Found: /favorites-list/
Not Found: /favorites-list/
Watching for file changes with StatReloader
Not Found: /add-to-favorites/
/Users/bubby/realestate/properties/urls.py changed, reloading.
Watching for file changes with StatReloader
Not Found: /add-to-favorites/
Watching for file changes with StatReloader
Not Found: /add-to-favorites/
Not Found: /add-to-favorites/
/Users/bubby/realestate/properties/views.py changed, reloading.
Watching for file changes with StatReloader
Not Found: /add-to-favorites/
Not Found: /add-to-favorites/
Watching for file changes with StatReloader
Not Found: /add-to-favorites/
Watching for file changes with StatReloader
/Users/bubby/realestate/properties/urls.py changed, reloading.
Watching for file changes with StatReloader
Not Found: /favorites-list/
Internal Server Error: /property-listing/favorites-list/
Traceback (most recent call last):
  File "/Users/bubby/miniconda3/envs/realestate/lib/python3.8/site-packages/django/core/handlers/exception.py", line 55, in inner
    response = get_response(request)
  File "/Users/bubby/miniconda3/envs/realestate/lib/python3.8/site-packages/django/core/handlers/base.py", line 197, in _get_response
    response = wrapped_callback(request, *callback_args, **callback_kwargs)
  File "/Users/bubby/miniconda3/envs/realestate/lib/python3.8/site-packages/django/contrib/auth/decorators.py", line 23, in _wrapper_view
    return view_func(request, *args, **kwargs)
  File "/Users/bubby/realestate/properties/views.py", line 53, in favorites_list
    return render(request, 'favorites_list.html', {'favorites': favorites})
  File "/Users/bubby/miniconda3/envs/realestate/lib/python3.8/site-packages/django/shortcuts.py", line 24, in render
    content = loader.render_to_string(template_name, context, request, using=using)
  File "/Users/bubby/miniconda3/envs/realestate/lib/python3.8/site-packages/django/template/loader.py", line 61, in render_to_string
    template = get_template(template_name, using=using)
  File "/Users/bubby/miniconda3/envs/realestate/lib/python3.8/site-packages/django/template/loader.py", line 19, in get_template
    raise TemplateDoesNotExist(template_name, chain=chain)
django.template.exceptions.TemplateDoesNotExist: favorites_list.html
/Users/bubby/realestate/properties/views.py changed, reloading.
Watching for file changes with StatReloader
/Users/bubby/realestate/properties/views.py changed, reloading.
Watching for file changes with StatReloader
/Users/bubby/realestate/properties/urls.py changed, reloading.
Watching for file changes with StatReloader
/Users/bubby/realestate/properties/urls.py changed, reloading.
Watching for file changes with StatReloader
Not Found: /favorites-list/
Not Found: /favorites-list/
/Users/bubby/realestate/properties/views.py changed, reloading.
Watching for file changes with StatReloader
/Users/bubby/realestate/properties/models.py changed, reloading.
Watching for file changes with StatReloader
/Users/bubby/realestate/properties/views.py changed, reloading.
Watching for file changes with StatReloader
/Users/bubby/realestate/properties/urls.py changed, reloading.
Watching for file changes with StatReloader
/Users/bubby/realestate/properties/urls.py changed, reloading.
Watching for file changes with StatReloader
Watching for file changes with StatReloader
Internal Server Error: /
Traceback (most recent call last):
  File "/Users/bubby/miniconda3/envs/realestate/lib/python3.8/site-packages/django/core/handlers/exception.py", line 55, in inner
    response = get_response(request)
  File "/Users/bubby/miniconda3/envs/realestate/lib/python3.8/site-packages/django/core/handlers/base.py", line 197, in _get_response
    response = wrapped_callback(request, *callback_args, **callback_kwargs)
  File "/Users/bubby/realestate/homepage/views.py", line 8, in homepage
    return render(request, 'homepage/homepage.html')
  File "/Users/bubby/miniconda3/envs/realestate/lib/python3.8/site-packages/django/shortcuts.py", line 24, in render
    content = loader.render_to_string(template_name, context, request, using=using)
  File "/Users/bubby/miniconda3/envs/realestate/lib/python3.8/site-packages/django/template/loader.py", line 62, in render_to_string
    return template.render(context, request)
  File "/Users/bubby/miniconda3/envs/realestate/lib/python3.8/site-packages/django/template/backends/django.py", line 61, in render
    return self.template.render(context)
  File "/Users/bubby/miniconda3/envs/realestate/lib/python3.8/site-packages/django/template/base.py", line 175, in render
    return self._render(context)
  File "/Users/bubby/miniconda3/envs/realestate/lib/python3.8/site-packages/django/template/base.py", line 167, in _render
    return self.nodelist.render(context)
  File "/Users/bubby/miniconda3/envs/realestate/lib/python3.8/site-packages/django/template/base.py", line 1005, in render
    return SafeString("".join([node.render_annotated(context) for node in self]))
  File "/Users/bubby/miniconda3/envs/realestate/lib/python3.8/site-packages/django/template/base.py", line 1005, in <listcomp>
    return SafeString("".join([node.render_annotated(context) for node in self]))
  File "/Users/bubby/miniconda3/envs/realestate/lib/python3.8/site-packages/django/template/base.py", line 966, in render_annotated
    return self.render(context)
  File "/Users/bubby/miniconda3/envs/realestate/lib/python3.8/site-packages/django/template/loader_tags.py", line 157, in render
    return compiled_parent._render(context)
  File "/Users/bubby/miniconda3/envs/realestate/lib/python3.8/site-packages/django/template/base.py", line 167, in _render
    return self.nodelist.render(context)
  File "/Users/bubby/miniconda3/envs/realestate/lib/python3.8/site-packages/django/template/base.py", line 1005, in render
    return SafeString("".join([node.render_annotated(context) for node in self]))
  File "/Users/bubby/miniconda3/envs/realestate/lib/python3.8/site-packages/django/template/base.py", line 1005, in <listcomp>
    return SafeString("".join([node.render_annotated(context) for node in self]))
  File "/Users/bubby/miniconda3/envs/realestate/lib/python3.8/site-packages/django/template/base.py", line 966, in render_annotated
    return self.render(context)
  File "/Users/bubby/miniconda3/envs/realestate/lib/python3.8/site-packages/django/template/defaulttags.py", line 471, in render
    url = reverse(view_name, args=args, kwargs=kwargs, current_app=current_app)
  File "/Users/bubby/miniconda3/envs/realestate/lib/python3.8/site-packages/django/urls/base.py", line 88, in reverse
    return resolver._reverse_with_prefix(view, prefix, *args, **kwargs)
  File "/Users/bubby/miniconda3/envs/realestate/lib/python3.8/site-packages/django/urls/resolvers.py", line 828, in _reverse_with_prefix
    raise NoReverseMatch(msg)
django.urls.exceptions.NoReverseMatch: Reverse for 'favorites_list' not found. 'favorites_list' is not a valid view function or pattern name.
Internal Server Error: /
Traceback (most recent call last):
  File "/Users/bubby/miniconda3/envs/realestate/lib/python3.8/site-packages/django/core/handlers/exception.py", line 55, in inner
    response = get_response(request)
  File "/Users/bubby/miniconda3/envs/realestate/lib/python3.8/site-packages/django/core/handlers/base.py", line 197, in _get_response
    response = wrapped_callback(request, *callback_args, **callback_kwargs)
  File "/Users/bubby/realestate/homepage/views.py", line 8, in homepage
    return render(request, 'homepage/homepage.html')
  File "/Users/bubby/miniconda3/envs/realestate/lib/python3.8/site-packages/django/shortcuts.py", line 24, in render
    content = loader.render_to_string(template_name, context, request, using=using)
  File "/Users/bubby/miniconda3/envs/realestate/lib/python3.8/site-packages/django/template/loader.py", line 62, in render_to_string
    return template.render(context, request)
  File "/Users/bubby/miniconda3/envs/realestate/lib/python3.8/site-packages/django/template/backends/django.py", line 61, in render
    return self.template.render(context)
  File "/Users/bubby/miniconda3/envs/realestate/lib/python3.8/site-packages/django/template/base.py", line 175, in render
    return self._render(context)
  File "/Users/bubby/miniconda3/envs/realestate/lib/python3.8/site-packages/django/template/base.py", line 167, in _render
    return self.nodelist.render(context)
  File "/Users/bubby/miniconda3/envs/realestate/lib/python3.8/site-packages/django/template/base.py", line 1005, in render
    return SafeString("".join([node.render_annotated(context) for node in self]))
  File "/Users/bubby/miniconda3/envs/realestate/lib/python3.8/site-packages/django/template/base.py", line 1005, in <listcomp>
    return SafeString("".join([node.render_annotated(context) for node in self]))
  File "/Users/bubby/miniconda3/envs/realestate/lib/python3.8/site-packages/django/template/base.py", line 966, in render_annotated
    return self.render(context)
  File "/Users/bubby/miniconda3/envs/realestate/lib/python3.8/site-packages/django/template/loader_tags.py", line 157, in render
    return compiled_parent._render(context)
  File "/Users/bubby/miniconda3/envs/realestate/lib/python3.8/site-packages/django/template/base.py", line 167, in _render
    return self.nodelist.render(context)
  File "/Users/bubby/miniconda3/envs/realestate/lib/python3.8/site-packages/django/template/base.py", line 1005, in render
    return SafeString("".join([node.render_annotated(context) for node in self]))
  File "/Users/bubby/miniconda3/envs/realestate/lib/python3.8/site-packages/django/template/base.py", line 1005, in <listcomp>
    return SafeString("".join([node.render_annotated(context) for node in self]))
  File "/Users/bubby/miniconda3/envs/realestate/lib/python3.8/site-packages/django/template/base.py", line 966, in render_annotated
    return self.render(context)
  File "/Users/bubby/miniconda3/envs/realestate/lib/python3.8/site-packages/django/template/defaulttags.py", line 471, in render
    url = reverse(view_name, args=args, kwargs=kwargs, current_app=current_app)
  File "/Users/bubby/miniconda3/envs/realestate/lib/python3.8/site-packages/django/urls/base.py", line 88, in reverse
    return resolver._reverse_with_prefix(view, prefix, *args, **kwargs)
  File "/Users/bubby/miniconda3/envs/realestate/lib/python3.8/site-packages/django/urls/resolvers.py", line 828, in _reverse_with_prefix
    raise NoReverseMatch(msg)
django.urls.exceptions.NoReverseMatch: Reverse for 'favorites_list' not found. 'favorites_list' is not a valid view function or pattern name.
/Users/bubby/realestate/properties/urls.py changed, reloading.
Watching for file changes with StatReloader
Watching for file changes with StatReloader
/Users/bubby/realestate/properties/views.py changed, reloading.
Watching for file changes with StatReloader
/Users/bubby/realestate/properties/views.py changed, reloading.
Watching for file changes with StatReloader
Watching for file changes with StatReloader
/Users/bubby/realestate/properties/models.py changed, reloading.
Watching for file changes with StatReloader
Internal Server Error: /property-listing/property-listing/
Traceback (most recent call last):
  File "/Users/bubby/miniconda3/envs/realestate/lib/python3.8/site-packages/django/core/handlers/exception.py", line 55, in inner
    response = get_response(request)
  File "/Users/bubby/miniconda3/envs/realestate/lib/python3.8/site-packages/django/core/handlers/base.py", line 197, in _get_response
    response = wrapped_callback(request, *callback_args, **callback_kwargs)
  File "/Users/bubby/realestate/properties/views.py", line 30, in property_listing
    return render(request, 'properties/listing_ajax.html')
  File "/Users/bubby/miniconda3/envs/realestate/lib/python3.8/site-packages/django/shortcuts.py", line 24, in render
    content = loader.render_to_string(template_name, context, request, using=using)
  File "/Users/bubby/miniconda3/envs/realestate/lib/python3.8/site-packages/django/template/loader.py", line 62, in render_to_string
    return template.render(context, request)
  File "/Users/bubby/miniconda3/envs/realestate/lib/python3.8/site-packages/django/template/backends/django.py", line 61, in render
    return self.template.render(context)
  File "/Users/bubby/miniconda3/envs/realestate/lib/python3.8/site-packages/django/template/base.py", line 175, in render
    return self._render(context)
  File "/Users/bubby/miniconda3/envs/realestate/lib/python3.8/site-packages/django/template/base.py", line 167, in _render
    return self.nodelist.render(context)
  File "/Users/bubby/miniconda3/envs/realestate/lib/python3.8/site-packages/django/template/base.py", line 1005, in render
    return SafeString("".join([node.render_annotated(context) for node in self]))
  File "/Users/bubby/miniconda3/envs/realestate/lib/python3.8/site-packages/django/template/base.py", line 1005, in <listcomp>
    return SafeString("".join([node.render_annotated(context) for node in self]))
  File "/Users/bubby/miniconda3/envs/realestate/lib/python3.8/site-packages/django/template/base.py", line 966, in render_annotated
    return self.render(context)
  File "/Users/bubby/miniconda3/envs/realestate/lib/python3.8/site-packages/django/template/defaulttags.py", line 471, in render
    url = reverse(view_name, args=args, kwargs=kwargs, current_app=current_app)
  File "/Users/bubby/miniconda3/envs/realestate/lib/python3.8/site-packages/django/urls/base.py", line 88, in reverse
    return resolver._reverse_with_prefix(view, prefix, *args, **kwargs)
  File "/Users/bubby/miniconda3/envs/realestate/lib/python3.8/site-packages/django/urls/resolvers.py", line 828, in _reverse_with_prefix
    raise NoReverseMatch(msg)
django.urls.exceptions.NoReverseMatch: Reverse for 'add_to_favorites' not found. 'add_to_favorites' is not a valid view function or pattern name.
/Users/bubby/realestate/properties/urls.py changed, reloading.
Watching for file changes with StatReloader
Not Found: /property_listing/
Not Found: /property_listing/
Watching for file changes with StatReloader
Not Found: /property_listing/
/Users/bubby/realestate/properties/urls.py changed, reloading.
Watching for file changes with StatReloader
Not Found: /property-listing/property-listing/
Not Found: /property-listing/property-listing/
Not Found: /property-listing/property-listing/
/Users/bubby/realestate/properties/urls.py changed, reloading.
Watching for file changes with StatReloader
Not Found: /property_listing/
Watching for file changes with StatReloader
Not Found: /property_listing/
/Users/bubby/realestate/properties/urls.py changed, reloading.
Watching for file changes with StatReloader
Not Found: /property_listing/
/Users/bubby/realestate/properties/urls.py changed, reloading.
Watching for file changes with StatReloader
Not Found: /property_listing/
Watching for file changes with StatReloader
Not Found: /property_listing/
Watching for file changes with StatReloader
Internal Server Error: /property-listing/add_to_favorites/
Traceback (most recent call last):
  File "/Users/bubby/miniconda3/envs/realestate/lib/python3.8/site-packages/django/core/handlers/exception.py", line 55, in inner
    response = get_response(request)
  File "/Users/bubby/miniconda3/envs/realestate/lib/python3.8/site-packages/django/core/handlers/base.py", line 197, in _get_response
    response = wrapped_callback(request, *callback_args, **callback_kwargs)
  File "/Users/bubby/miniconda3/envs/realestate/lib/python3.8/site-packages/django/contrib/auth/decorators.py", line 23, in _wrapper_view
    return view_func(request, *args, **kwargs)
  File "/Users/bubby/miniconda3/envs/realestate/lib/python3.8/site-packages/django/views/decorators/http.py", line 43, in inner
    return func(request, *args, **kwargs)
  File "/Users/bubby/realestate/properties/views.py", line 42, in add_to_favorites
    property = Property.objects.get(zpid=zpid)
  File "/Users/bubby/miniconda3/envs/realestate/lib/python3.8/site-packages/django/db/models/manager.py", line 87, in manager_method
    return getattr(self.get_queryset(), name)(*args, **kwargs)
  File "/Users/bubby/miniconda3/envs/realestate/lib/python3.8/site-packages/django/db/models/query.py", line 637, in get
    raise self.model.DoesNotExist(
properties.models.Property.DoesNotExist: Property matching query does not exist.
/Users/bubby/realestate/properties/views.py changed, reloading.
Watching for file changes with StatReloader
/Users/bubby/realestate/properties/views.py changed, reloading.
Watching for file changes with StatReloader
Not Found: /property-listing/add_to_favorites/
/Users/bubby/realestate/properties/views.py changed, reloading.
Watching for file changes with StatReloader
Not Found: /property-listing/add_to_favorites/
/Users/bubby/realestate/properties/views.py changed, reloading.
Watching for file changes with StatReloader
Watching for file changes with StatReloader
Not Found: /property-listing/add_to_favorites/
Not Found: /property-listing/add_to_favorites/
Internal Server Error: /property-listing/add_to_favorites/
Traceback (most recent call last):
  File "/Users/bubby/miniconda3/envs/realestate/lib/python3.8/site-packages/django/core/handlers/exception.py", line 55, in inner
    response = get_response(request)
  File "/Users/bubby/miniconda3/envs/realestate/lib/python3.8/site-packages/django/core/handlers/base.py", line 197, in _get_response
    response = wrapped_callback(request, *callback_args, **callback_kwargs)
  File "/Users/bubby/miniconda3/envs/realestate/lib/python3.8/site-packages/django/contrib/auth/decorators.py", line 23, in _wrapper_view
    return view_func(request, *args, **kwargs)
  File "/Users/bubby/miniconda3/envs/realestate/lib/python3.8/site-packages/django/views/decorators/http.py", line 43, in inner
    return func(request, *args, **kwargs)
  File "/Users/bubby/realestate/properties/views.py", line 56, in add_to_favorites
    return render(request, 'properties/favorites_list.html', {'favorites': favorites})
  File "/Users/bubby/miniconda3/envs/realestate/lib/python3.8/site-packages/django/shortcuts.py", line 24, in render
    content = loader.render_to_string(template_name, context, request, using=using)
  File "/Users/bubby/miniconda3/envs/realestate/lib/python3.8/site-packages/django/template/loader.py", line 61, in render_to_string
    template = get_template(template_name, using=using)
  File "/Users/bubby/miniconda3/envs/realestate/lib/python3.8/site-packages/django/template/loader.py", line 19, in get_template
    raise TemplateDoesNotExist(template_name, chain=chain)
django.template.exceptions.TemplateDoesNotExist: properties/favorites_list.html
Not Found: /property-listing/add_to_favorites/
/Users/bubby/realestate/properties/views.py changed, reloading.
Watching for file changes with StatReloader
Not Found: /property-listing/add_to_favorites/
Not Found: /property-listing/add_to_favorites/
/Users/bubby/realestate/properties/urls.py changed, reloading.
Watching for file changes with StatReloader
Not Found: /property-listing/add_to_favorites/
Not Found: /property-listing/add_to_favorites/
/Users/bubby/realestate/properties/urls.py changed, reloading.
Watching for file changes with StatReloader
Not Found: /property-listing/property-listing/add_to_favorites/
/Users/bubby/realestate/properties/urls.py changed, reloading.
Watching for file changes with StatReloader
Not Found: /property-listing/property-listing/add_to_favorites/
Watching for file changes with StatReloader
Not Found: /property-listing/property-listing/add_to_favorites/
Watching for file changes with StatReloader
Not Found: /property-listing/property-listing/add_to_favorites/
/Users/bubby/realestate/properties/views.py changed, reloading.
Watching for file changes with StatReloader
/Users/bubby/realestate/properties/views.py changed, reloading.
Watching for file changes with StatReloader
Internal Server Error: /property-listing/property-listing/add_to_favorites/
Traceback (most recent call last):
  File "/Users/bubby/miniconda3/envs/realestate/lib/python3.8/site-packages/django/core/handlers/exception.py", line 55, in inner
    response = get_response(request)
  File "/Users/bubby/miniconda3/envs/realestate/lib/python3.8/site-packages/django/core/handlers/base.py", line 197, in _get_response
    response = wrapped_callback(request, *callback_args, **callback_kwargs)
  File "/Users/bubby/miniconda3/envs/realestate/lib/python3.8/site-packages/django/contrib/auth/decorators.py", line 23, in _wrapper_view
    return view_func(request, *args, **kwargs)
  File "/Users/bubby/miniconda3/envs/realestate/lib/python3.8/site-packages/django/views/decorators/http.py", line 43, in inner
    return func(request, *args, **kwargs)
  File "/Users/bubby/realestate/properties/views.py", line 72, in add_to_favorites
    return render(request, 'properties/favorites_list.html', {'favorites': favorites})
  File "/Users/bubby/miniconda3/envs/realestate/lib/python3.8/site-packages/django/shortcuts.py", line 24, in render
    content = loader.render_to_string(template_name, context, request, using=using)
  File "/Users/bubby/miniconda3/envs/realestate/lib/python3.8/site-packages/django/template/loader.py", line 61, in render_to_string
    template = get_template(template_name, using=using)
  File "/Users/bubby/miniconda3/envs/realestate/lib/python3.8/site-packages/django/template/loader.py", line 19, in get_template
    raise TemplateDoesNotExist(template_name, chain=chain)
django.template.exceptions.TemplateDoesNotExist: properties/favorites_list.html
/Users/bubby/realestate/properties/views.py changed, reloading.
Watching for file changes with StatReloader
Internal Server Error: /property-listing/property-listing/add_to_favorites/
Traceback (most recent call last):
  File "/Users/bubby/miniconda3/envs/realestate/lib/python3.8/site-packages/django/core/handlers/exception.py", line 55, in inner
    response = get_response(request)
  File "/Users/bubby/miniconda3/envs/realestate/lib/python3.8/site-packages/django/core/handlers/base.py", line 197, in _get_response
    response = wrapped_callback(request, *callback_args, **callback_kwargs)
  File "/Users/bubby/miniconda3/envs/realestate/lib/python3.8/site-packages/django/contrib/auth/decorators.py", line 23, in _wrapper_view
    return view_func(request, *args, **kwargs)
  File "/Users/bubby/miniconda3/envs/realestate/lib/python3.8/site-packages/django/views/decorators/http.py", line 43, in inner
    return func(request, *args, **kwargs)
  File "/Users/bubby/realestate/properties/views.py", line 74, in add_to_favorites
    return render(request, 'properties/favorites_list.html', {'favorites': favorites})
  File "/Users/bubby/miniconda3/envs/realestate/lib/python3.8/site-packages/django/shortcuts.py", line 24, in render
    content = loader.render_to_string(template_name, context, request, using=using)
  File "/Users/bubby/miniconda3/envs/realestate/lib/python3.8/site-packages/django/template/loader.py", line 61, in render_to_string
    template = get_template(template_name, using=using)
  File "/Users/bubby/miniconda3/envs/realestate/lib/python3.8/site-packages/django/template/loader.py", line 19, in get_template
    raise TemplateDoesNotExist(template_name, chain=chain)
django.template.exceptions.TemplateDoesNotExist: properties/favorites_list.html
/Users/bubby/realestate/properties/views.py changed, reloading.
Watching for file changes with StatReloader
/Users/bubby/realestate/properties/views.py changed, reloading.
Watching for file changes with StatReloader
Internal Server Error: /property-listing/property-listing/add_to_favorites/
Traceback (most recent call last):
  File "/Users/bubby/miniconda3/envs/realestate/lib/python3.8/site-packages/django/core/handlers/exception.py", line 55, in inner
    response = get_response(request)
  File "/Users/bubby/miniconda3/envs/realestate/lib/python3.8/site-packages/django/core/handlers/base.py", line 197, in _get_response
    response = wrapped_callback(request, *callback_args, **callback_kwargs)
  File "/Users/bubby/miniconda3/envs/realestate/lib/python3.8/site-packages/django/contrib/auth/decorators.py", line 23, in _wrapper_view
    return view_func(request, *args, **kwargs)
  File "/Users/bubby/miniconda3/envs/realestate/lib/python3.8/site-packages/django/views/decorators/http.py", line 43, in inner
    return func(request, *args, **kwargs)
  File "/Users/bubby/realestate/properties/views.py", line 74, in add_to_favorites
    return render(request, 'favorites_list.html', {'favorites': favorites})
  File "/Users/bubby/miniconda3/envs/realestate/lib/python3.8/site-packages/django/shortcuts.py", line 24, in render
    content = loader.render_to_string(template_name, context, request, using=using)
  File "/Users/bubby/miniconda3/envs/realestate/lib/python3.8/site-packages/django/template/loader.py", line 61, in render_to_string
    template = get_template(template_name, using=using)
  File "/Users/bubby/miniconda3/envs/realestate/lib/python3.8/site-packages/django/template/loader.py", line 19, in get_template
    raise TemplateDoesNotExist(template_name, chain=chain)
django.template.exceptions.TemplateDoesNotExist: favorites_list.html
Watching for file changes with StatReloader
Internal Server Error: /property-listing/property-listing/add_to_favorites/
Traceback (most recent call last):
  File "/Users/bubby/miniconda3/envs/realestate/lib/python3.8/site-packages/django/core/handlers/exception.py", line 55, in inner
    response = get_response(request)
  File "/Users/bubby/miniconda3/envs/realestate/lib/python3.8/site-packages/django/core/handlers/base.py", line 197, in _get_response
    response = wrapped_callback(request, *callback_args, **callback_kwargs)
  File "/Users/bubby/miniconda3/envs/realestate/lib/python3.8/site-packages/django/contrib/auth/decorators.py", line 23, in _wrapper_view
    return view_func(request, *args, **kwargs)
  File "/Users/bubby/miniconda3/envs/realestate/lib/python3.8/site-packages/django/views/decorators/http.py", line 43, in inner
    return func(request, *args, **kwargs)
  File "/Users/bubby/realestate/properties/views.py", line 74, in add_to_favorites
    return render(request, 'favorites_list.html', {'favorites': favorites})
  File "/Users/bubby/miniconda3/envs/realestate/lib/python3.8/site-packages/django/shortcuts.py", line 24, in render
    content = loader.render_to_string(template_name, context, request, using=using)
  File "/Users/bubby/miniconda3/envs/realestate/lib/python3.8/site-packages/django/template/loader.py", line 61, in render_to_string
    template = get_template(template_name, using=using)
  File "/Users/bubby/miniconda3/envs/realestate/lib/python3.8/site-packages/django/template/loader.py", line 19, in get_template
    raise TemplateDoesNotExist(template_name, chain=chain)
django.template.exceptions.TemplateDoesNotExist: favorites_list.html
Internal Server Error: /property-listing/property-listing/add_to_favorites/
Traceback (most recent call last):
  File "/Users/bubby/miniconda3/envs/realestate/lib/python3.8/site-packages/django/core/handlers/exception.py", line 55, in inner
    response = get_response(request)
  File "/Users/bubby/miniconda3/envs/realestate/lib/python3.8/site-packages/django/core/handlers/base.py", line 197, in _get_response
    response = wrapped_callback(request, *callback_args, **callback_kwargs)
  File "/Users/bubby/miniconda3/envs/realestate/lib/python3.8/site-packages/django/contrib/auth/decorators.py", line 23, in _wrapper_view
    return view_func(request, *args, **kwargs)
  File "/Users/bubby/miniconda3/envs/realestate/lib/python3.8/site-packages/django/views/decorators/http.py", line 43, in inner
    return func(request, *args, **kwargs)
  File "/Users/bubby/realestate/properties/views.py", line 74, in add_to_favorites
    return render(request, 'favorites_list.html', {'favorites': favorites})
  File "/Users/bubby/miniconda3/envs/realestate/lib/python3.8/site-packages/django/shortcuts.py", line 24, in render
    content = loader.render_to_string(template_name, context, request, using=using)
  File "/Users/bubby/miniconda3/envs/realestate/lib/python3.8/site-packages/django/template/loader.py", line 61, in render_to_string
    template = get_template(template_name, using=using)
  File "/Users/bubby/miniconda3/envs/realestate/lib/python3.8/site-packages/django/template/loader.py", line 19, in get_template
    raise TemplateDoesNotExist(template_name, chain=chain)
django.template.exceptions.TemplateDoesNotExist: favorites_list.html
/Users/bubby/realestate/realestate/settings.py changed, reloading.
Watching for file changes with StatReloader
Watching for file changes with StatReloader
/Users/bubby/realestate/realestate/settings.py changed, reloading.
Watching for file changes with StatReloader
Internal Server Error: /property-listing/
Traceback (most recent call last):
  File "/Users/bubby/miniconda3/envs/realestate/lib/python3.8/site-packages/django/urls/base.py", line 71, in reverse
    extra, resolver = resolver.namespace_dict[ns]
KeyError: 'property_listing'

During handling of the above exception, another exception occurred:

Traceback (most recent call last):
  File "/Users/bubby/miniconda3/envs/realestate/lib/python3.8/site-packages/django/core/handlers/exception.py", line 55, in inner
    response = get_response(request)
  File "/Users/bubby/miniconda3/envs/realestate/lib/python3.8/site-packages/django/core/handlers/base.py", line 197, in _get_response
    response = wrapped_callback(request, *callback_args, **callback_kwargs)
  File "/Users/bubby/realestate/properties/views.py", line 30, in property_listing
    return render(request, 'properties/listing_ajax.html')
  File "/Users/bubby/miniconda3/envs/realestate/lib/python3.8/site-packages/django/shortcuts.py", line 24, in render
    content = loader.render_to_string(template_name, context, request, using=using)
  File "/Users/bubby/miniconda3/envs/realestate/lib/python3.8/site-packages/django/template/loader.py", line 62, in render_to_string
    return template.render(context, request)
  File "/Users/bubby/miniconda3/envs/realestate/lib/python3.8/site-packages/django/template/backends/django.py", line 61, in render
    return self.template.render(context)
  File "/Users/bubby/miniconda3/envs/realestate/lib/python3.8/site-packages/django/template/base.py", line 175, in render
    return self._render(context)
  File "/Users/bubby/miniconda3/envs/realestate/lib/python3.8/site-packages/django/template/base.py", line 167, in _render
    return self.nodelist.render(context)
  File "/Users/bubby/miniconda3/envs/realestate/lib/python3.8/site-packages/django/template/base.py", line 1005, in render
    return SafeString("".join([node.render_annotated(context) for node in self]))
  File "/Users/bubby/miniconda3/envs/realestate/lib/python3.8/site-packages/django/template/base.py", line 1005, in <listcomp>
    return SafeString("".join([node.render_annotated(context) for node in self]))
  File "/Users/bubby/miniconda3/envs/realestate/lib/python3.8/site-packages/django/template/base.py", line 966, in render_annotated
    return self.render(context)
  File "/Users/bubby/miniconda3/envs/realestate/lib/python3.8/site-packages/django/template/defaulttags.py", line 471, in render
    url = reverse(view_name, args=args, kwargs=kwargs, current_app=current_app)
  File "/Users/bubby/miniconda3/envs/realestate/lib/python3.8/site-packages/django/urls/base.py", line 82, in reverse
    raise NoReverseMatch("%s is not a registered namespace" % key)
django.urls.exceptions.NoReverseMatch: 'property_listing' is not a registered namespace
Internal Server Error: /property-listing/
Traceback (most recent call last):
  File "/Users/bubby/miniconda3/envs/realestate/lib/python3.8/site-packages/django/urls/base.py", line 71, in reverse
    extra, resolver = resolver.namespace_dict[ns]
KeyError: 'property_listing'

During handling of the above exception, another exception occurred:

Traceback (most recent call last):
  File "/Users/bubby/miniconda3/envs/realestate/lib/python3.8/site-packages/django/core/handlers/exception.py", line 55, in inner
    response = get_response(request)
  File "/Users/bubby/miniconda3/envs/realestate/lib/python3.8/site-packages/django/core/handlers/base.py", line 197, in _get_response
    response = wrapped_callback(request, *callback_args, **callback_kwargs)
  File "/Users/bubby/realestate/properties/views.py", line 30, in property_listing
    return render(request, 'properties/listing_ajax.html')
  File "/Users/bubby/miniconda3/envs/realestate/lib/python3.8/site-packages/django/shortcuts.py", line 24, in render
    content = loader.render_to_string(template_name, context, request, using=using)
  File "/Users/bubby/miniconda3/envs/realestate/lib/python3.8/site-packages/django/template/loader.py", line 62, in render_to_string
    return template.render(context, request)
  File "/Users/bubby/miniconda3/envs/realestate/lib/python3.8/site-packages/django/template/backends/django.py", line 61, in render
    return self.template.render(context)
  File "/Users/bubby/miniconda3/envs/realestate/lib/python3.8/site-packages/django/template/base.py", line 175, in render
    return self._render(context)
  File "/Users/bubby/miniconda3/envs/realestate/lib/python3.8/site-packages/django/template/base.py", line 167, in _render
    return self.nodelist.render(context)
  File "/Users/bubby/miniconda3/envs/realestate/lib/python3.8/site-packages/django/template/base.py", line 1005, in render
    return SafeString("".join([node.render_annotated(context) for node in self]))
  File "/Users/bubby/miniconda3/envs/realestate/lib/python3.8/site-packages/django/template/base.py", line 1005, in <listcomp>
    return SafeString("".join([node.render_annotated(context) for node in self]))
  File "/Users/bubby/miniconda3/envs/realestate/lib/python3.8/site-packages/django/template/base.py", line 966, in render_annotated
    return self.render(context)
  File "/Users/bubby/miniconda3/envs/realestate/lib/python3.8/site-packages/django/template/defaulttags.py", line 471, in render
    url = reverse(view_name, args=args, kwargs=kwargs, current_app=current_app)
  File "/Users/bubby/miniconda3/envs/realestate/lib/python3.8/site-packages/django/urls/base.py", line 82, in reverse
    raise NoReverseMatch("%s is not a registered namespace" % key)
django.urls.exceptions.NoReverseMatch: 'property_listing' is not a registered namespace
Watching for file changes with StatReloader
Internal Server Error: /property-listing/
Traceback (most recent call last):
  File "/Users/bubby/miniconda3/envs/realestate/lib/python3.8/site-packages/django/core/handlers/exception.py", line 55, in inner
    response = get_response(request)
  File "/Users/bubby/miniconda3/envs/realestate/lib/python3.8/site-packages/django/core/handlers/base.py", line 197, in _get_response
    response = wrapped_callback(request, *callback_args, **callback_kwargs)
  File "/Users/bubby/realestate/properties/views.py", line 30, in property_listing
    return render(request, 'properties/listing_ajax.html')
  File "/Users/bubby/miniconda3/envs/realestate/lib/python3.8/site-packages/django/shortcuts.py", line 24, in render
    content = loader.render_to_string(template_name, context, request, using=using)
  File "/Users/bubby/miniconda3/envs/realestate/lib/python3.8/site-packages/django/template/loader.py", line 62, in render_to_string
    return template.render(context, request)
  File "/Users/bubby/miniconda3/envs/realestate/lib/python3.8/site-packages/django/template/backends/django.py", line 61, in render
    return self.template.render(context)
  File "/Users/bubby/miniconda3/envs/realestate/lib/python3.8/site-packages/django/template/base.py", line 175, in render
    return self._render(context)
  File "/Users/bubby/miniconda3/envs/realestate/lib/python3.8/site-packages/django/template/base.py", line 167, in _render
    return self.nodelist.render(context)
  File "/Users/bubby/miniconda3/envs/realestate/lib/python3.8/site-packages/django/template/base.py", line 1005, in render
    return SafeString("".join([node.render_annotated(context) for node in self]))
  File "/Users/bubby/miniconda3/envs/realestate/lib/python3.8/site-packages/django/template/base.py", line 1005, in <listcomp>
    return SafeString("".join([node.render_annotated(context) for node in self]))
  File "/Users/bubby/miniconda3/envs/realestate/lib/python3.8/site-packages/django/template/base.py", line 966, in render_annotated
    return self.render(context)
  File "/Users/bubby/miniconda3/envs/realestate/lib/python3.8/site-packages/django/template/defaulttags.py", line 471, in render
    url = reverse(view_name, args=args, kwargs=kwargs, current_app=current_app)
  File "/Users/bubby/miniconda3/envs/realestate/lib/python3.8/site-packages/django/urls/base.py", line 88, in reverse
    return resolver._reverse_with_prefix(view, prefix, *args, **kwargs)
  File "/Users/bubby/miniconda3/envs/realestate/lib/python3.8/site-packages/django/urls/resolvers.py", line 828, in _reverse_with_prefix
    raise NoReverseMatch(msg)
django.urls.exceptions.NoReverseMatch: Reverse for 'add_to_favorites' not found. 'add_to_favorites' is not a valid view function or pattern name.
/Users/bubby/realestate/properties/urls.py changed, reloading.
Watching for file changes with StatReloader
/Users/bubby/realestate/properties/urls.py changed, reloading.
Watching for file changes with StatReloader
Internal Server Error: /property-listing/
Traceback (most recent call last):
  File "/Users/bubby/miniconda3/envs/realestate/lib/python3.8/site-packages/django/urls/base.py", line 71, in reverse
    extra, resolver = resolver.namespace_dict[ns]
KeyError: 'property_listing'

During handling of the above exception, another exception occurred:

Traceback (most recent call last):
  File "/Users/bubby/miniconda3/envs/realestate/lib/python3.8/site-packages/django/core/handlers/exception.py", line 55, in inner
    response = get_response(request)
  File "/Users/bubby/miniconda3/envs/realestate/lib/python3.8/site-packages/django/core/handlers/base.py", line 197, in _get_response
    response = wrapped_callback(request, *callback_args, **callback_kwargs)
  File "/Users/bubby/realestate/properties/views.py", line 30, in property_listing
    return render(request, 'properties/listing_ajax.html')
  File "/Users/bubby/miniconda3/envs/realestate/lib/python3.8/site-packages/django/shortcuts.py", line 24, in render
    content = loader.render_to_string(template_name, context, request, using=using)
  File "/Users/bubby/miniconda3/envs/realestate/lib/python3.8/site-packages/django/template/loader.py", line 62, in render_to_string
    return template.render(context, request)
  File "/Users/bubby/miniconda3/envs/realestate/lib/python3.8/site-packages/django/template/backends/django.py", line 61, in render
    return self.template.render(context)
  File "/Users/bubby/miniconda3/envs/realestate/lib/python3.8/site-packages/django/template/base.py", line 175, in render
    return self._render(context)
  File "/Users/bubby/miniconda3/envs/realestate/lib/python3.8/site-packages/django/template/base.py", line 167, in _render
    return self.nodelist.render(context)
  File "/Users/bubby/miniconda3/envs/realestate/lib/python3.8/site-packages/django/template/base.py", line 1005, in render
    return SafeString("".join([node.render_annotated(context) for node in self]))
  File "/Users/bubby/miniconda3/envs/realestate/lib/python3.8/site-packages/django/template/base.py", line 1005, in <listcomp>
    return SafeString("".join([node.render_annotated(context) for node in self]))
  File "/Users/bubby/miniconda3/envs/realestate/lib/python3.8/site-packages/django/template/base.py", line 966, in render_annotated
    return self.render(context)
  File "/Users/bubby/miniconda3/envs/realestate/lib/python3.8/site-packages/django/template/defaulttags.py", line 471, in render
    url = reverse(view_name, args=args, kwargs=kwargs, current_app=current_app)
  File "/Users/bubby/miniconda3/envs/realestate/lib/python3.8/site-packages/django/urls/base.py", line 82, in reverse
    raise NoReverseMatch("%s is not a registered namespace" % key)
django.urls.exceptions.NoReverseMatch: 'property_listing' is not a registered namespace
/Users/bubby/realestate/properties/urls.py changed, reloading.
Watching for file changes with StatReloader
Watching for file changes with StatReloader
Internal Server Error: /property-listing/
Traceback (most recent call last):
  File "/Users/bubby/miniconda3/envs/realestate/lib/python3.8/site-packages/django/urls/base.py", line 71, in reverse
    extra, resolver = resolver.namespace_dict[ns]
KeyError: 'property_listing'

During handling of the above exception, another exception occurred:

Traceback (most recent call last):
  File "/Users/bubby/miniconda3/envs/realestate/lib/python3.8/site-packages/django/core/handlers/exception.py", line 55, in inner
    response = get_response(request)
  File "/Users/bubby/miniconda3/envs/realestate/lib/python3.8/site-packages/django/core/handlers/base.py", line 197, in _get_response
    response = wrapped_callback(request, *callback_args, **callback_kwargs)
  File "/Users/bubby/realestate/properties/views.py", line 30, in property_listing
    return render(request, 'properties/listing_ajax.html')
  File "/Users/bubby/miniconda3/envs/realestate/lib/python3.8/site-packages/django/shortcuts.py", line 24, in render
    content = loader.render_to_string(template_name, context, request, using=using)
  File "/Users/bubby/miniconda3/envs/realestate/lib/python3.8/site-packages/django/template/loader.py", line 62, in render_to_string
    return template.render(context, request)
  File "/Users/bubby/miniconda3/envs/realestate/lib/python3.8/site-packages/django/template/backends/django.py", line 61, in render
    return self.template.render(context)
  File "/Users/bubby/miniconda3/envs/realestate/lib/python3.8/site-packages/django/template/base.py", line 175, in render
    return self._render(context)
  File "/Users/bubby/miniconda3/envs/realestate/lib/python3.8/site-packages/django/template/base.py", line 167, in _render
    return self.nodelist.render(context)
  File "/Users/bubby/miniconda3/envs/realestate/lib/python3.8/site-packages/django/template/base.py", line 1005, in render
    return SafeString("".join([node.render_annotated(context) for node in self]))
  File "/Users/bubby/miniconda3/envs/realestate/lib/python3.8/site-packages/django/template/base.py", line 1005, in <listcomp>
    return SafeString("".join([node.render_annotated(context) for node in self]))
  File "/Users/bubby/miniconda3/envs/realestate/lib/python3.8/site-packages/django/template/base.py", line 966, in render_annotated
    return self.render(context)
  File "/Users/bubby/miniconda3/envs/realestate/lib/python3.8/site-packages/django/template/defaulttags.py", line 471, in render
    url = reverse(view_name, args=args, kwargs=kwargs, current_app=current_app)
  File "/Users/bubby/miniconda3/envs/realestate/lib/python3.8/site-packages/django/urls/base.py", line 82, in reverse
    raise NoReverseMatch("%s is not a registered namespace" % key)
django.urls.exceptions.NoReverseMatch: 'property_listing' is not a registered namespace
/Users/bubby/realestate/properties/urls.py changed, reloading.
Watching for file changes with StatReloader
/Users/bubby/realestate/properties/views.py changed, reloading.
Watching for file changes with StatReloader
Internal Server Error: /property-listing/add_to_favorites/
Traceback (most recent call last):
  File "/Users/bubby/miniconda3/envs/realestate/lib/python3.8/site-packages/django/core/handlers/exception.py", line 55, in inner
    response = get_response(request)
  File "/Users/bubby/miniconda3/envs/realestate/lib/python3.8/site-packages/django/core/handlers/base.py", line 197, in _get_response
    response = wrapped_callback(request, *callback_args, **callback_kwargs)
  File "/Users/bubby/miniconda3/envs/realestate/lib/python3.8/site-packages/django/contrib/auth/decorators.py", line 23, in _wrapper_view
    return view_func(request, *args, **kwargs)
  File "/Users/bubby/miniconda3/envs/realestate/lib/python3.8/site-packages/django/views/decorators/http.py", line 43, in inner
    return func(request, *args, **kwargs)
  File "/Users/bubby/realestate/properties/views.py", line 74, in add_to_favorites
    return render(request, 'properties/favorites_list.html', {'favorites': favorites})
  File "/Users/bubby/miniconda3/envs/realestate/lib/python3.8/site-packages/django/shortcuts.py", line 24, in render
    content = loader.render_to_string(template_name, context, request, using=using)
  File "/Users/bubby/miniconda3/envs/realestate/lib/python3.8/site-packages/django/template/loader.py", line 61, in render_to_string
    template = get_template(template_name, using=using)
  File "/Users/bubby/miniconda3/envs/realestate/lib/python3.8/site-packages/django/template/loader.py", line 19, in get_template
    raise TemplateDoesNotExist(template_name, chain=chain)
django.template.exceptions.TemplateDoesNotExist: properties/favorites_list.html
Internal Server Error: /property-listing/add_to_favorites/
Traceback (most recent call last):
  File "/Users/bubby/miniconda3/envs/realestate/lib/python3.8/site-packages/django/core/handlers/exception.py", line 55, in inner
    response = get_response(request)
  File "/Users/bubby/miniconda3/envs/realestate/lib/python3.8/site-packages/django/core/handlers/base.py", line 197, in _get_response
    response = wrapped_callback(request, *callback_args, **callback_kwargs)
  File "/Users/bubby/miniconda3/envs/realestate/lib/python3.8/site-packages/django/contrib/auth/decorators.py", line 23, in _wrapper_view
    return view_func(request, *args, **kwargs)
  File "/Users/bubby/miniconda3/envs/realestate/lib/python3.8/site-packages/django/views/decorators/http.py", line 43, in inner
    return func(request, *args, **kwargs)
  File "/Users/bubby/realestate/properties/views.py", line 74, in add_to_favorites
    return render(request, 'properties/favorites_list.html', {'favorites': favorites})
  File "/Users/bubby/miniconda3/envs/realestate/lib/python3.8/site-packages/django/shortcuts.py", line 24, in render
    content = loader.render_to_string(template_name, context, request, using=using)
  File "/Users/bubby/miniconda3/envs/realestate/lib/python3.8/site-packages/django/template/loader.py", line 61, in render_to_string
    template = get_template(template_name, using=using)
  File "/Users/bubby/miniconda3/envs/realestate/lib/python3.8/site-packages/django/template/loader.py", line 19, in get_template
    raise TemplateDoesNotExist(template_name, chain=chain)
django.template.exceptions.TemplateDoesNotExist: properties/favorites_list.html
/Users/bubby/realestate/properties/views.py changed, reloading.
Watching for file changes with StatReloader
Internal Server Error: /property-listing/add_to_favorites/
Traceback (most recent call last):
  File "/Users/bubby/miniconda3/envs/realestate/lib/python3.8/site-packages/django/core/handlers/exception.py", line 55, in inner
    response = get_response(request)
  File "/Users/bubby/miniconda3/envs/realestate/lib/python3.8/site-packages/django/core/handlers/base.py", line 197, in _get_response
    response = wrapped_callback(request, *callback_args, **callback_kwargs)
  File "/Users/bubby/miniconda3/envs/realestate/lib/python3.8/site-packages/django/contrib/auth/decorators.py", line 23, in _wrapper_view
    return view_func(request, *args, **kwargs)
  File "/Users/bubby/miniconda3/envs/realestate/lib/python3.8/site-packages/django/views/decorators/http.py", line 43, in inner
    return func(request, *args, **kwargs)
  File "/Users/bubby/realestate/properties/views.py", line 74, in add_to_favorites
    return render(request, 'templates/favorites_list.html', {'favorites': favorites})
  File "/Users/bubby/miniconda3/envs/realestate/lib/python3.8/site-packages/django/shortcuts.py", line 24, in render
    content = loader.render_to_string(template_name, context, request, using=using)
  File "/Users/bubby/miniconda3/envs/realestate/lib/python3.8/site-packages/django/template/loader.py", line 61, in render_to_string
    template = get_template(template_name, using=using)
  File "/Users/bubby/miniconda3/envs/realestate/lib/python3.8/site-packages/django/template/loader.py", line 19, in get_template
    raise TemplateDoesNotExist(template_name, chain=chain)
django.template.exceptions.TemplateDoesNotExist: templates/favorites_list.html
Internal Server Error: /property-listing/add_to_favorites/
Traceback (most recent call last):
  File "/Users/bubby/miniconda3/envs/realestate/lib/python3.8/site-packages/django/core/handlers/exception.py", line 55, in inner
    response = get_response(request)
  File "/Users/bubby/miniconda3/envs/realestate/lib/python3.8/site-packages/django/core/handlers/base.py", line 197, in _get_response
    response = wrapped_callback(request, *callback_args, **callback_kwargs)
  File "/Users/bubby/miniconda3/envs/realestate/lib/python3.8/site-packages/django/contrib/auth/decorators.py", line 23, in _wrapper_view
    return view_func(request, *args, **kwargs)
  File "/Users/bubby/miniconda3/envs/realestate/lib/python3.8/site-packages/django/views/decorators/http.py", line 43, in inner
    return func(request, *args, **kwargs)
  File "/Users/bubby/realestate/properties/views.py", line 74, in add_to_favorites
    return render(request, 'templates/favorites_list.html', {'favorites': favorites})
  File "/Users/bubby/miniconda3/envs/realestate/lib/python3.8/site-packages/django/shortcuts.py", line 24, in render
    content = loader.render_to_string(template_name, context, request, using=using)
  File "/Users/bubby/miniconda3/envs/realestate/lib/python3.8/site-packages/django/template/loader.py", line 61, in render_to_string
    template = get_template(template_name, using=using)
  File "/Users/bubby/miniconda3/envs/realestate/lib/python3.8/site-packages/django/template/loader.py", line 19, in get_template
    raise TemplateDoesNotExist(template_name, chain=chain)
django.template.exceptions.TemplateDoesNotExist: templates/favorites_list.html
/Users/bubby/realestate/properties/views.py changed, reloading.
Watching for file changes with StatReloader
/Users/bubby/realestate/properties/views.py changed, reloading.
Watching for file changes with StatReloader
Watching for file changes with StatReloader
/Users/bubby/realestate/properties/views.py changed, reloading.
Watching for file changes with StatReloader
/Users/bubby/realestate/properties/views.py changed, reloading.
Watching for file changes with StatReloader
/Users/bubby/realestate/properties/views.py changed, reloading.
Watching for file changes with StatReloader
/Users/bubby/realestate/properties/views.py changed, reloading.
Watching for file changes with StatReloader
Watching for file changes with StatReloader
Internal Server Error: /property-listing/add_to_favorites/
Traceback (most recent call last):
  File "/Users/bubby/miniconda3/envs/realestate/lib/python3.8/site-packages/django/core/handlers/exception.py", line 55, in inner
    response = get_response(request)
  File "/Users/bubby/miniconda3/envs/realestate/lib/python3.8/site-packages/django/core/handlers/base.py", line 197, in _get_response
    response = wrapped_callback(request, *callback_args, **callback_kwargs)
  File "/Users/bubby/miniconda3/envs/realestate/lib/python3.8/site-packages/django/contrib/auth/decorators.py", line 23, in _wrapper_view
    return view_func(request, *args, **kwargs)
  File "/Users/bubby/miniconda3/envs/realestate/lib/python3.8/site-packages/django/views/decorators/http.py", line 43, in inner
    return func(request, *args, **kwargs)
  File "/Users/bubby/realestate/properties/views.py", line 78, in add_to_favorites
    messages.success(request, 'Properties added to favorites successfully.')
NameError: name 'messages' is not defined
/Users/bubby/realestate/properties/views.py changed, reloading.
Watching for file changes with StatReloader
/Users/bubby/realestate/properties/views.py changed, reloading.
Watching for file changes with StatReloader
Internal Server Error: /property-listing/add_to_favorites/
Traceback (most recent call last):
  File "/Users/bubby/miniconda3/envs/realestate/lib/python3.8/site-packages/django/core/handlers/exception.py", line 55, in inner
    response = get_response(request)
  File "/Users/bubby/miniconda3/envs/realestate/lib/python3.8/site-packages/django/core/handlers/base.py", line 197, in _get_response
    response = wrapped_callback(request, *callback_args, **callback_kwargs)
  File "/Users/bubby/miniconda3/envs/realestate/lib/python3.8/site-packages/django/contrib/auth/decorators.py", line 23, in _wrapper_view
    return view_func(request, *args, **kwargs)
  File "/Users/bubby/miniconda3/envs/realestate/lib/python3.8/site-packages/django/views/decorators/http.py", line 43, in inner
    return func(request, *args, **kwargs)
  File "/Users/bubby/realestate/properties/views.py", line 82, in add_to_favorites
    return render(request, 'properties/favorites_list.html', {'favorites': favorites})
  File "/Users/bubby/miniconda3/envs/realestate/lib/python3.8/site-packages/django/shortcuts.py", line 24, in render
    content = loader.render_to_string(template_name, context, request, using=using)
  File "/Users/bubby/miniconda3/envs/realestate/lib/python3.8/site-packages/django/template/loader.py", line 61, in render_to_string
    template = get_template(template_name, using=using)
  File "/Users/bubby/miniconda3/envs/realestate/lib/python3.8/site-packages/django/template/loader.py", line 19, in get_template
    raise TemplateDoesNotExist(template_name, chain=chain)
django.template.exceptions.TemplateDoesNotExist: properties/favorites_list.html
/Users/bubby/realestate/properties/views.py changed, reloading.
Watching for file changes with StatReloader
Watching for file changes with StatReloader
Watching for file changes with StatReloader
Not Found: /favicon.ico
Watching for file changes with StatReloader
/Users/bubby/realestate/properties/views.py changed, reloading.
Watching for file changes with StatReloader
Watching for file changes with StatReloader
/Users/bubby/realestate/properties/views.py changed, reloading.
Watching for file changes with StatReloader
/Users/bubby/realestate/properties/views.py changed, reloading.
Watching for file changes with StatReloader
Watching for file changes with StatReloader
/Users/bubby/realestate/properties/views.py changed, reloading.
Watching for file changes with StatReloader
/Users/bubby/realestate/properties/views.py changed, reloading.
Watching for file changes with StatReloader
/Users/bubby/realestate/properties/views.py changed, reloading.
Watching for file changes with StatReloader
Internal Server Error: /property-listing/add_to_favorites/
Traceback (most recent call last):
  File "/Users/bubby/miniconda3/envs/realestate/lib/python3.8/site-packages/django/template/base.py", line 505, in parse
    compile_func = self.tags[command]
KeyError: 'static'

During handling of the above exception, another exception occurred:

Traceback (most recent call last):
  File "/Users/bubby/miniconda3/envs/realestate/lib/python3.8/site-packages/django/core/handlers/exception.py", line 55, in inner
    response = get_response(request)
  File "/Users/bubby/miniconda3/envs/realestate/lib/python3.8/site-packages/django/core/handlers/base.py", line 197, in _get_response
    response = wrapped_callback(request, *callback_args, **callback_kwargs)
  File "/Users/bubby/miniconda3/envs/realestate/lib/python3.8/site-packages/django/views/decorators/http.py", line 43, in inner
    return func(request, *args, **kwargs)
  File "/Users/bubby/realestate/properties/views.py", line 91, in add_to_favorites
    return render(request, 'favorites_list.html', context)
  File "/Users/bubby/miniconda3/envs/realestate/lib/python3.8/site-packages/django/shortcuts.py", line 24, in render
    content = loader.render_to_string(template_name, context, request, using=using)
  File "/Users/bubby/miniconda3/envs/realestate/lib/python3.8/site-packages/django/template/loader.py", line 61, in render_to_string
    template = get_template(template_name, using=using)
  File "/Users/bubby/miniconda3/envs/realestate/lib/python3.8/site-packages/django/template/loader.py", line 15, in get_template
    return engine.get_template(template_name)
  File "/Users/bubby/miniconda3/envs/realestate/lib/python3.8/site-packages/django/template/backends/django.py", line 33, in get_template
    return Template(self.engine.get_template(template_name), self)
  File "/Users/bubby/miniconda3/envs/realestate/lib/python3.8/site-packages/django/template/engine.py", line 175, in get_template
    template, origin = self.find_template(template_name)
  File "/Users/bubby/miniconda3/envs/realestate/lib/python3.8/site-packages/django/template/engine.py", line 157, in find_template
    template = loader.get_template(name, skip=skip)
  File "/Users/bubby/miniconda3/envs/realestate/lib/python3.8/site-packages/django/template/loaders/cached.py", line 57, in get_template
    template = super().get_template(template_name, skip)
  File "/Users/bubby/miniconda3/envs/realestate/lib/python3.8/site-packages/django/template/loaders/base.py", line 28, in get_template
    return Template(
  File "/Users/bubby/miniconda3/envs/realestate/lib/python3.8/site-packages/django/template/base.py", line 154, in __init__
    self.nodelist = self.compile_nodelist()
  File "/Users/bubby/miniconda3/envs/realestate/lib/python3.8/site-packages/django/template/base.py", line 200, in compile_nodelist
    return parser.parse()
  File "/Users/bubby/miniconda3/envs/realestate/lib/python3.8/site-packages/django/template/base.py", line 507, in parse
    self.invalid_block_tag(token, command, parse_until)
  File "/Users/bubby/miniconda3/envs/realestate/lib/python3.8/site-packages/django/template/base.py", line 568, in invalid_block_tag
    raise self.error(
django.template.exceptions.TemplateSyntaxError: Invalid block tag on line 7: 'static'. Did you forget to register or load this tag?
Watching for file changes with StatReloader
/Users/bubby/realestate/properties/models.py changed, reloading.
Watching for file changes with StatReloader
/Users/bubby/realestate/properties/models.py changed, reloading.
Watching for file changes with StatReloader
Watching for file changes with StatReloader
/Users/bubby/realestate/properties/models.py changed, reloading.
Watching for file changes with StatReloader
Watching for file changes with StatReloader
Watching for file changes with StatReloader
Not Found: /favicon.ico
Internal Server Error: /property-listing/add_to_favorites/
Traceback (most recent call last):
  File "/Users/bubby/miniconda3/envs/realestate/lib/python3.8/site-packages/django/core/handlers/exception.py", line 55, in inner
    response = get_response(request)
  File "/Users/bubby/miniconda3/envs/realestate/lib/python3.8/site-packages/django/core/handlers/base.py", line 197, in _get_response
    response = wrapped_callback(request, *callback_args, **callback_kwargs)
  File "/Users/bubby/miniconda3/envs/realestate/lib/python3.8/site-packages/django/views/decorators/http.py", line 43, in inner
    return func(request, *args, **kwargs)
  File "/Users/bubby/realestate/properties/views.py", line 86, in add_to_favorites
    favorites = Favorite.objects.filter(user=request.user)
NameError: name 'Favorite' is not defined
Watching for file changes with StatReloader
Internal Server Error: /property-listing/add_to_favorites/
Traceback (most recent call last):
  File "/Users/bubby/miniconda3/envs/realestate/lib/python3.8/site-packages/django/core/handlers/exception.py", line 55, in inner
    response = get_response(request)
  File "/Users/bubby/miniconda3/envs/realestate/lib/python3.8/site-packages/django/core/handlers/base.py", line 197, in _get_response
    response = wrapped_callback(request, *callback_args, **callback_kwargs)
  File "/Users/bubby/miniconda3/envs/realestate/lib/python3.8/site-packages/django/views/decorators/http.py", line 43, in inner
    return func(request, *args, **kwargs)
  File "/Users/bubby/realestate/properties/views.py", line 86, in add_to_favorites
    favorites = Favorite.objects.filter(user=request.user)
NameError: name 'Favorite' is not defined
Watching for file changes with StatReloader
Internal Server Error: /property-listing/add_to_favorites/
Traceback (most recent call last):
  File "/Users/bubby/miniconda3/envs/realestate/lib/python3.8/site-packages/django/core/handlers/exception.py", line 55, in inner
    response = get_response(request)
  File "/Users/bubby/miniconda3/envs/realestate/lib/python3.8/site-packages/django/core/handlers/base.py", line 197, in _get_response
    response = wrapped_callback(request, *callback_args, **callback_kwargs)
  File "/Users/bubby/miniconda3/envs/realestate/lib/python3.8/site-packages/django/views/decorators/http.py", line 43, in inner
    return func(request, *args, **kwargs)
  File "/Users/bubby/realestate/properties/views.py", line 86, in add_to_favorites
    favorites = Favorite.objects.filter(user=request.user)
NameError: name 'Favorite' is not defined
Watching for file changes with StatReloader
Watching for file changes with StatReloader
Watching for file changes with StatReloader
Watching for file changes with StatReloader
Watching for file changes with StatReloader
/Users/bubby/realestate/properties/views.py changed, reloading.
Watching for file changes with StatReloader
Watching for file changes with StatReloader
Watching for file changes with StatReloader
Not Found: /accounts/login/
/Users/bubby/realestate/properties/views.py changed, reloading.
Watching for file changes with StatReloader
Not Found: /accounts/login/
Not Found: /accounts/login/
Not Found: /apple-touch-icon-precomposed.png
Not Found: /apple-touch-icon.png
Not Found: /favicon.ico
Not Found: /apple-touch-icon-precomposed.png
Not Found: /apple-touch-icon.png
Not Found: /favicon.ico
Not Found: /accounts/login/
Not Found: /apple-touch-icon-precomposed.png
Not Found: /apple-touch-icon.png
Not Found: /favicon.ico
Not Found: /apple-touch-icon-precomposed.png
Not Found: /apple-touch-icon.png
Not Found: /favicon.ico
/Users/bubby/realestate/properties/views.py changed, reloading.
Watching for file changes with StatReloader
Watching for file changes with StatReloader
Watching for file changes with StatReloader
Not Found: /accounts/login/
Watching for file changes with StatReloader
Not Found: /accounts/login/
Not Found: /accounts/login/
/Users/bubby/realestate/properties/views.py changed, reloading.
Watching for file changes with StatReloader
Watching for file changes with StatReloader
/Users/bubby/realestate/properties/views.py changed, reloading.
Watching for file changes with StatReloader
/Users/bubby/realestate/properties/views.py changed, reloading.
Watching for file changes with StatReloader
/Users/bubby/realestate/properties/views.py changed, reloading.
Watching for file changes with StatReloader
Watching for file changes with StatReloader
/Users/bubby/realestate/properties/views.py changed, reloading.
Watching for file changes with StatReloader
Watching for file changes with StatReloader
/Users/bubby/realestate/properties/views.py changed, reloading.
Watching for file changes with StatReloader
/Users/bubby/realestate/properties/views.py changed, reloading.
Watching for file changes with StatReloader
/Users/bubby/realestate/properties/views.py changed, reloading.
Watching for file changes with StatReloader
/Users/bubby/realestate/properties/views.py changed, reloading.
Watching for file changes with StatReloader
Internal Server Error: /property-listing/add_to_favorites/
Traceback (most recent call last):
  File "/Users/bubby/miniconda3/envs/realestate/lib/python3.8/site-packages/django/core/handlers/exception.py", line 55, in inner
    response = get_response(request)
  File "/Users/bubby/miniconda3/envs/realestate/lib/python3.8/site-packages/django/core/handlers/base.py", line 197, in _get_response
    response = wrapped_callback(request, *callback_args, **callback_kwargs)
  File "/Users/bubby/realestate/properties/views.py", line 68, in add_to_favorites
    return render(request, 'properties/favorite_list.html', {'favorites': favorites})
  File "/Users/bubby/miniconda3/envs/realestate/lib/python3.8/site-packages/django/shortcuts.py", line 24, in render
    content = loader.render_to_string(template_name, context, request, using=using)
  File "/Users/bubby/miniconda3/envs/realestate/lib/python3.8/site-packages/django/template/loader.py", line 61, in render_to_string
    template = get_template(template_name, using=using)
  File "/Users/bubby/miniconda3/envs/realestate/lib/python3.8/site-packages/django/template/loader.py", line 19, in get_template
    raise TemplateDoesNotExist(template_name, chain=chain)
django.template.exceptions.TemplateDoesNotExist: properties/favorite_list.html
/Users/bubby/realestate/properties/views.py changed, reloading.
Watching for file changes with StatReloader
Internal Server Error: /property-listing/add_to_favorites/
Traceback (most recent call last):
  File "/Users/bubby/miniconda3/envs/realestate/lib/python3.8/site-packages/django/core/handlers/exception.py", line 55, in inner
    response = get_response(request)
  File "/Users/bubby/miniconda3/envs/realestate/lib/python3.8/site-packages/django/core/handlers/base.py", line 197, in _get_response
    response = wrapped_callback(request, *callback_args, **callback_kwargs)
  File "/Users/bubby/realestate/properties/views.py", line 68, in add_to_favorites
    return render(request, 'properties/favorites_list.html', {'favorites': favorites})
  File "/Users/bubby/miniconda3/envs/realestate/lib/python3.8/site-packages/django/shortcuts.py", line 24, in render
    content = loader.render_to_string(template_name, context, request, using=using)
  File "/Users/bubby/miniconda3/envs/realestate/lib/python3.8/site-packages/django/template/loader.py", line 61, in render_to_string
    template = get_template(template_name, using=using)
  File "/Users/bubby/miniconda3/envs/realestate/lib/python3.8/site-packages/django/template/loader.py", line 19, in get_template
    raise TemplateDoesNotExist(template_name, chain=chain)
django.template.exceptions.TemplateDoesNotExist: properties/favorites_list.html
/Users/bubby/realestate/properties/views.py changed, reloading.
Watching for file changes with StatReloader
Watching for file changes with StatReloader
Watching for file changes with StatReloader
Watching for file changes with StatReloader
Not Found: /add-to-favorites/
Not Found: /add-to-favorites/
Not Found: /add-to-favorites/
Not Found: /add-to-favorites/
Not Found: /add-to-favorites/
Not Found: /add_to_favorites/
Not Found: /add_to_favorites/
Not Found: /add_to_favorites/
Not Found: /add_to_favorites/
Forbidden (CSRF token missing.): /property-listing/add_to_favorites/
Watching for file changes with StatReloader
Not Found: /property-listing/add-to-favorites/
Not Found: /property-listing/add-to-favorites/
/Users/bubby/realestate/properties/urls.py changed, reloading.
Watching for file changes with StatReloader
Not Found: /property-listing/add-to-favorites/
Not Found: /add-to-favorites/
/Users/bubby/realestate/properties/urls.py changed, reloading.
Watching for file changes with StatReloader
Not Found: /add-to-favorites/
Not Found: /add-to-favorites/
/Users/bubby/realestate/properties/views.py changed, reloading.
Watching for file changes with StatReloader
/Users/bubby/realestate/properties/models.py changed, reloading.
Watching for file changes with StatReloader
Watching for file changes with StatReloader
Not Found: /add-to-favorites/
Not Found: /add-to-favorites/
Not Found: /add-to-favorites/
/Users/bubby/realestate/properties/urls.py changed, reloading.
Watching for file changes with StatReloader
Watching for file changes with StatReloader
Not Found: /add-to-favorites/
Not Found: /add-to-favorites/
Not Found: /add-to-favorites/
/Users/bubby/realestate/realestate/urls.py changed, reloading.
Watching for file changes with StatReloader
Watching for file changes with StatReloader
Not Found: /favicon.ico
Not Found: /add-to-favorites/
Not Found: /add-to-favorites/
Watching for file changes with StatReloader
Not Found: /favicon.ico
Watching for file changes with StatReloader
Not Found: /favicon.ico
Internal Server Error: /property-listing/
Traceback (most recent call last):
  File "/Users/bubby/miniconda3/envs/realestate/lib/python3.8/site-packages/django/template/base.py", line 505, in parse
    compile_func = self.tags[command]
KeyError: 'static'

During handling of the above exception, another exception occurred:

Traceback (most recent call last):
  File "/Users/bubby/miniconda3/envs/realestate/lib/python3.8/site-packages/django/core/handlers/exception.py", line 55, in inner
    response = get_response(request)
  File "/Users/bubby/miniconda3/envs/realestate/lib/python3.8/site-packages/django/core/handlers/base.py", line 197, in _get_response
    response = wrapped_callback(request, *callback_args, **callback_kwargs)
  File "/Users/bubby/realestate/properties/views.py", line 59, in property_listing
    return render(request, 'properties/listing_ajax.html')
  File "/Users/bubby/miniconda3/envs/realestate/lib/python3.8/site-packages/django/shortcuts.py", line 24, in render
    content = loader.render_to_string(template_name, context, request, using=using)
  File "/Users/bubby/miniconda3/envs/realestate/lib/python3.8/site-packages/django/template/loader.py", line 61, in render_to_string
    template = get_template(template_name, using=using)
  File "/Users/bubby/miniconda3/envs/realestate/lib/python3.8/site-packages/django/template/loader.py", line 15, in get_template
    return engine.get_template(template_name)
  File "/Users/bubby/miniconda3/envs/realestate/lib/python3.8/site-packages/django/template/backends/django.py", line 33, in get_template
    return Template(self.engine.get_template(template_name), self)
  File "/Users/bubby/miniconda3/envs/realestate/lib/python3.8/site-packages/django/template/engine.py", line 175, in get_template
    template, origin = self.find_template(template_name)
  File "/Users/bubby/miniconda3/envs/realestate/lib/python3.8/site-packages/django/template/engine.py", line 157, in find_template
    template = loader.get_template(name, skip=skip)
  File "/Users/bubby/miniconda3/envs/realestate/lib/python3.8/site-packages/django/template/loaders/cached.py", line 57, in get_template
    template = super().get_template(template_name, skip)
  File "/Users/bubby/miniconda3/envs/realestate/lib/python3.8/site-packages/django/template/loaders/base.py", line 28, in get_template
    return Template(
  File "/Users/bubby/miniconda3/envs/realestate/lib/python3.8/site-packages/django/template/base.py", line 154, in __init__
    self.nodelist = self.compile_nodelist()
  File "/Users/bubby/miniconda3/envs/realestate/lib/python3.8/site-packages/django/template/base.py", line 200, in compile_nodelist
    return parser.parse()
  File "/Users/bubby/miniconda3/envs/realestate/lib/python3.8/site-packages/django/template/base.py", line 507, in parse
    self.invalid_block_tag(token, command, parse_until)
  File "/Users/bubby/miniconda3/envs/realestate/lib/python3.8/site-packages/django/template/base.py", line 568, in invalid_block_tag
    raise self.error(
django.template.exceptions.TemplateSyntaxError: Invalid block tag on line 9: 'static'. Did you forget to register or load this tag?
/Users/bubby/realestate/properties/views.py changed, reloading.
Watching for file changes with StatReloader
/Users/bubby/realestate/properties/urls.py changed, reloading.
Watching for file changes with StatReloader
/Users/bubby/realestate/properties/views.py changed, reloading.
Watching for file changes with StatReloader
Internal Server Error: /property-listing/
Traceback (most recent call last):
  File "/Users/bubby/miniconda3/envs/realestate/lib/python3.8/site-packages/django/core/handlers/exception.py", line 55, in inner
    response = get_response(request)
  File "/Users/bubby/miniconda3/envs/realestate/lib/python3.8/site-packages/django/core/handlers/base.py", line 197, in _get_response
    response = wrapped_callback(request, *callback_args, **callback_kwargs)
  File "/Users/bubby/realestate/properties/views.py", line 36, in property_listing
    return render(request, 'properties/listing_ajax.html')
  File "/Users/bubby/miniconda3/envs/realestate/lib/python3.8/site-packages/django/shortcuts.py", line 24, in render
    content = loader.render_to_string(template_name, context, request, using=using)
  File "/Users/bubby/miniconda3/envs/realestate/lib/python3.8/site-packages/django/template/loader.py", line 62, in render_to_string
    return template.render(context, request)
  File "/Users/bubby/miniconda3/envs/realestate/lib/python3.8/site-packages/django/template/backends/django.py", line 61, in render
    return self.template.render(context)
  File "/Users/bubby/miniconda3/envs/realestate/lib/python3.8/site-packages/django/template/base.py", line 175, in render
    return self._render(context)
  File "/Users/bubby/miniconda3/envs/realestate/lib/python3.8/site-packages/django/template/base.py", line 167, in _render
    return self.nodelist.render(context)
  File "/Users/bubby/miniconda3/envs/realestate/lib/python3.8/site-packages/django/template/base.py", line 1005, in render
    return SafeString("".join([node.render_annotated(context) for node in self]))
  File "/Users/bubby/miniconda3/envs/realestate/lib/python3.8/site-packages/django/template/base.py", line 1005, in <listcomp>
    return SafeString("".join([node.render_annotated(context) for node in self]))
  File "/Users/bubby/miniconda3/envs/realestate/lib/python3.8/site-packages/django/template/base.py", line 966, in render_annotated
    return self.render(context)
  File "/Users/bubby/miniconda3/envs/realestate/lib/python3.8/site-packages/django/template/defaulttags.py", line 471, in render
    url = reverse(view_name, args=args, kwargs=kwargs, current_app=current_app)
  File "/Users/bubby/miniconda3/envs/realestate/lib/python3.8/site-packages/django/urls/base.py", line 88, in reverse
    return resolver._reverse_with_prefix(view, prefix, *args, **kwargs)
  File "/Users/bubby/miniconda3/envs/realestate/lib/python3.8/site-packages/django/urls/resolvers.py", line 828, in _reverse_with_prefix
    raise NoReverseMatch(msg)
django.urls.exceptions.NoReverseMatch: Reverse for 'add_to_favorites' not found. 'add_to_favorites' is not a valid view function or pattern name.
/Users/bubby/realestate/properties/urls.py changed, reloading.
Watching for file changes with StatReloader
/Users/bubby/realestate/properties/urls.py changed, reloading.
Watching for file changes with StatReloader
Not Found: /property-listing/favorite_list.html
Not Found: /property-listing/favorite_list.html
Not Found: /property-listing/favorite_list.html
Not Found: /property-listing/favorite_list.html
Not Found: /property-listing/favorite_list.html
Not Found: /property-listing/favorite_list.html
Watching for file changes with StatReloader
Not Found: /property-listing/add_to_favorites/
Watching for file changes with StatReloader
Not Found: /favicon.ico
Internal Server Error: /property-listing/add-to-favorites/
Traceback (most recent call last):
  File "/Users/bubby/miniconda3/envs/realestate/lib/python3.8/site-packages/django/core/handlers/exception.py", line 55, in inner
    response = get_response(request)
  File "/Users/bubby/miniconda3/envs/realestate/lib/python3.8/site-packages/django/core/handlers/base.py", line 197, in _get_response
    response = wrapped_callback(request, *callback_args, **callback_kwargs)
  File "/Users/bubby/miniconda3/envs/realestate/lib/python3.8/site-packages/django/contrib/auth/decorators.py", line 23, in _wrapper_view
    return view_func(request, *args, **kwargs)
  File "/Users/bubby/miniconda3/envs/realestate/lib/python3.8/site-packages/django/views/decorators/http.py", line 43, in inner
    return func(request, *args, **kwargs)
  File "/Users/bubby/realestate/properties/views.py", line 51, in add_to_favorites
    return redirect('favorite_properties')
  File "/Users/bubby/miniconda3/envs/realestate/lib/python3.8/site-packages/django/shortcuts.py", line 48, in redirect
    return redirect_class(resolve_url(to, *args, **kwargs))
  File "/Users/bubby/miniconda3/envs/realestate/lib/python3.8/site-packages/django/shortcuts.py", line 145, in resolve_url
    return reverse(to, args=args, kwargs=kwargs)
  File "/Users/bubby/miniconda3/envs/realestate/lib/python3.8/site-packages/django/urls/base.py", line 88, in reverse
    return resolver._reverse_with_prefix(view, prefix, *args, **kwargs)
  File "/Users/bubby/miniconda3/envs/realestate/lib/python3.8/site-packages/django/urls/resolvers.py", line 828, in _reverse_with_prefix
    raise NoReverseMatch(msg)
django.urls.exceptions.NoReverseMatch: Reverse for 'favorite_properties' not found. 'favorite_properties' is not a valid view function or pattern name.
/Users/bubby/realestate/properties/views.py changed, reloading.
Watching for file changes with StatReloader
Internal Server Error: /property-listing/add-to-favorites/
Traceback (most recent call last):
  File "/Users/bubby/miniconda3/envs/realestate/lib/python3.8/site-packages/django/core/handlers/exception.py", line 55, in inner
    response = get_response(request)
  File "/Users/bubby/miniconda3/envs/realestate/lib/python3.8/site-packages/django/core/handlers/base.py", line 197, in _get_response
    response = wrapped_callback(request, *callback_args, **callback_kwargs)
  File "/Users/bubby/miniconda3/envs/realestate/lib/python3.8/site-packages/django/views/decorators/http.py", line 43, in inner
    return func(request, *args, **kwargs)
  File "/Users/bubby/realestate/properties/views.py", line 51, in add_to_favorites
    return redirect('favorite_properties')
  File "/Users/bubby/miniconda3/envs/realestate/lib/python3.8/site-packages/django/shortcuts.py", line 48, in redirect
    return redirect_class(resolve_url(to, *args, **kwargs))
  File "/Users/bubby/miniconda3/envs/realestate/lib/python3.8/site-packages/django/shortcuts.py", line 145, in resolve_url
    return reverse(to, args=args, kwargs=kwargs)
  File "/Users/bubby/miniconda3/envs/realestate/lib/python3.8/site-packages/django/urls/base.py", line 88, in reverse
    return resolver._reverse_with_prefix(view, prefix, *args, **kwargs)
  File "/Users/bubby/miniconda3/envs/realestate/lib/python3.8/site-packages/django/urls/resolvers.py", line 828, in _reverse_with_prefix
    raise NoReverseMatch(msg)
django.urls.exceptions.NoReverseMatch: Reverse for 'favorite_properties' not found. 'favorite_properties' is not a valid view function or pattern name.
/Users/bubby/realestate/properties/urls.py changed, reloading.
Watching for file changes with StatReloader
Internal Server Error: /property-listing/add-to-favorites/
Traceback (most recent call last):
  File "/Users/bubby/miniconda3/envs/realestate/lib/python3.8/site-packages/django/core/handlers/exception.py", line 55, in inner
    response = get_response(request)
  File "/Users/bubby/miniconda3/envs/realestate/lib/python3.8/site-packages/django/core/handlers/base.py", line 197, in _get_response
    response = wrapped_callback(request, *callback_args, **callback_kwargs)
  File "/Users/bubby/miniconda3/envs/realestate/lib/python3.8/site-packages/django/views/decorators/http.py", line 43, in inner
    return func(request, *args, **kwargs)
  File "/Users/bubby/realestate/properties/views.py", line 51, in add_to_favorites
    return redirect('favorite_properties')
  File "/Users/bubby/miniconda3/envs/realestate/lib/python3.8/site-packages/django/shortcuts.py", line 48, in redirect
    return redirect_class(resolve_url(to, *args, **kwargs))
  File "/Users/bubby/miniconda3/envs/realestate/lib/python3.8/site-packages/django/shortcuts.py", line 145, in resolve_url
    return reverse(to, args=args, kwargs=kwargs)
  File "/Users/bubby/miniconda3/envs/realestate/lib/python3.8/site-packages/django/urls/base.py", line 88, in reverse
    return resolver._reverse_with_prefix(view, prefix, *args, **kwargs)
  File "/Users/bubby/miniconda3/envs/realestate/lib/python3.8/site-packages/django/urls/resolvers.py", line 828, in _reverse_with_prefix
    raise NoReverseMatch(msg)
django.urls.exceptions.NoReverseMatch: Reverse for 'favorite_properties' not found. 'favorite_properties' is not a valid view function or pattern name.
Internal Server Error: /property-listing/add-to-favorites/
Traceback (most recent call last):
  File "/Users/bubby/miniconda3/envs/realestate/lib/python3.8/site-packages/django/core/handlers/exception.py", line 55, in inner
    response = get_response(request)
  File "/Users/bubby/miniconda3/envs/realestate/lib/python3.8/site-packages/django/core/handlers/base.py", line 197, in _get_response
    response = wrapped_callback(request, *callback_args, **callback_kwargs)
  File "/Users/bubby/miniconda3/envs/realestate/lib/python3.8/site-packages/django/views/decorators/http.py", line 43, in inner
    return func(request, *args, **kwargs)
  File "/Users/bubby/realestate/properties/views.py", line 51, in add_to_favorites
    return redirect('favorite_properties')
  File "/Users/bubby/miniconda3/envs/realestate/lib/python3.8/site-packages/django/shortcuts.py", line 48, in redirect
    return redirect_class(resolve_url(to, *args, **kwargs))
  File "/Users/bubby/miniconda3/envs/realestate/lib/python3.8/site-packages/django/shortcuts.py", line 145, in resolve_url
    return reverse(to, args=args, kwargs=kwargs)
  File "/Users/bubby/miniconda3/envs/realestate/lib/python3.8/site-packages/django/urls/base.py", line 88, in reverse
    return resolver._reverse_with_prefix(view, prefix, *args, **kwargs)
  File "/Users/bubby/miniconda3/envs/realestate/lib/python3.8/site-packages/django/urls/resolvers.py", line 828, in _reverse_with_prefix
    raise NoReverseMatch(msg)
django.urls.exceptions.NoReverseMatch: Reverse for 'favorite_properties' not found. 'favorite_properties' is not a valid view function or pattern name.
Internal Server Error: /property-listing/add-to-favorites/
Traceback (most recent call last):
  File "/Users/bubby/miniconda3/envs/realestate/lib/python3.8/site-packages/django/core/handlers/exception.py", line 55, in inner
    response = get_response(request)
  File "/Users/bubby/miniconda3/envs/realestate/lib/python3.8/site-packages/django/core/handlers/base.py", line 197, in _get_response
    response = wrapped_callback(request, *callback_args, **callback_kwargs)
  File "/Users/bubby/miniconda3/envs/realestate/lib/python3.8/site-packages/django/views/decorators/http.py", line 43, in inner
    return func(request, *args, **kwargs)
  File "/Users/bubby/realestate/properties/views.py", line 51, in add_to_favorites
    return redirect('favorite_properties')
  File "/Users/bubby/miniconda3/envs/realestate/lib/python3.8/site-packages/django/shortcuts.py", line 48, in redirect
    return redirect_class(resolve_url(to, *args, **kwargs))
  File "/Users/bubby/miniconda3/envs/realestate/lib/python3.8/site-packages/django/shortcuts.py", line 145, in resolve_url
    return reverse(to, args=args, kwargs=kwargs)
  File "/Users/bubby/miniconda3/envs/realestate/lib/python3.8/site-packages/django/urls/base.py", line 88, in reverse
    return resolver._reverse_with_prefix(view, prefix, *args, **kwargs)
  File "/Users/bubby/miniconda3/envs/realestate/lib/python3.8/site-packages/django/urls/resolvers.py", line 828, in _reverse_with_prefix
    raise NoReverseMatch(msg)
django.urls.exceptions.NoReverseMatch: Reverse for 'favorite_properties' not found. 'favorite_properties' is not a valid view function or pattern name.
/Users/bubby/realestate/properties/views.py changed, reloading.
Watching for file changes with StatReloader
Internal Server Error: /property-listing/add-to-favorites/
Traceback (most recent call last):
  File "/Users/bubby/miniconda3/envs/realestate/lib/python3.8/site-packages/django/core/handlers/exception.py", line 55, in inner
    response = get_response(request)
  File "/Users/bubby/miniconda3/envs/realestate/lib/python3.8/site-packages/django/core/handlers/base.py", line 197, in _get_response
    response = wrapped_callback(request, *callback_args, **callback_kwargs)
  File "/Users/bubby/miniconda3/envs/realestate/lib/python3.8/site-packages/django/views/decorators/http.py", line 43, in inner
    return func(request, *args, **kwargs)
  File "/Users/bubby/realestate/properties/views.py", line 51, in add_to_favorites
    return redirect('favorite_properties')
  File "/Users/bubby/miniconda3/envs/realestate/lib/python3.8/site-packages/django/shortcuts.py", line 48, in redirect
    return redirect_class(resolve_url(to, *args, **kwargs))
  File "/Users/bubby/miniconda3/envs/realestate/lib/python3.8/site-packages/django/shortcuts.py", line 145, in resolve_url
    return reverse(to, args=args, kwargs=kwargs)
  File "/Users/bubby/miniconda3/envs/realestate/lib/python3.8/site-packages/django/urls/base.py", line 88, in reverse
    return resolver._reverse_with_prefix(view, prefix, *args, **kwargs)
  File "/Users/bubby/miniconda3/envs/realestate/lib/python3.8/site-packages/django/urls/resolvers.py", line 828, in _reverse_with_prefix
    raise NoReverseMatch(msg)
django.urls.exceptions.NoReverseMatch: Reverse for 'favorite_properties' not found. 'favorite_properties' is not a valid view function or pattern name.
Watching for file changes with StatReloader
Internal Server Error: /property-listing/add-to-favorites/
Traceback (most recent call last):
  File "/Users/bubby/miniconda3/envs/realestate/lib/python3.8/site-packages/django/core/handlers/exception.py", line 55, in inner
    response = get_response(request)
  File "/Users/bubby/miniconda3/envs/realestate/lib/python3.8/site-packages/django/core/handlers/base.py", line 197, in _get_response
    response = wrapped_callback(request, *callback_args, **callback_kwargs)
  File "/Users/bubby/miniconda3/envs/realestate/lib/python3.8/site-packages/django/views/decorators/http.py", line 43, in inner
    return func(request, *args, **kwargs)
  File "/Users/bubby/realestate/properties/views.py", line 51, in add_to_favorites
    return redirect('favorite_properties')
  File "/Users/bubby/miniconda3/envs/realestate/lib/python3.8/site-packages/django/shortcuts.py", line 48, in redirect
    return redirect_class(resolve_url(to, *args, **kwargs))
  File "/Users/bubby/miniconda3/envs/realestate/lib/python3.8/site-packages/django/shortcuts.py", line 145, in resolve_url
    return reverse(to, args=args, kwargs=kwargs)
  File "/Users/bubby/miniconda3/envs/realestate/lib/python3.8/site-packages/django/urls/base.py", line 88, in reverse
    return resolver._reverse_with_prefix(view, prefix, *args, **kwargs)
  File "/Users/bubby/miniconda3/envs/realestate/lib/python3.8/site-packages/django/urls/resolvers.py", line 828, in _reverse_with_prefix
    raise NoReverseMatch(msg)
django.urls.exceptions.NoReverseMatch: Reverse for 'favorite_properties' not found. 'favorite_properties' is not a valid view function or pattern name.
/Users/bubby/realestate/properties/views.py changed, reloading.
Watching for file changes with StatReloader
/Users/bubby/realestate/properties/urls.py changed, reloading.
Watching for file changes with StatReloader
/Users/bubby/realestate/properties/urls.py changed, reloading.
Watching for file changes with StatReloader
Not Found: /property-listing/add-to-favorites/
Internal Server Error: /property-listing/
Traceback (most recent call last):
  File "/Users/bubby/miniconda3/envs/realestate/lib/python3.8/site-packages/django/urls/base.py", line 71, in reverse
    extra, resolver = resolver.namespace_dict[ns]
KeyError: 'property_listing'

During handling of the above exception, another exception occurred:

Traceback (most recent call last):
  File "/Users/bubby/miniconda3/envs/realestate/lib/python3.8/site-packages/django/core/handlers/exception.py", line 55, in inner
    response = get_response(request)
  File "/Users/bubby/miniconda3/envs/realestate/lib/python3.8/site-packages/django/core/handlers/base.py", line 197, in _get_response
    response = wrapped_callback(request, *callback_args, **callback_kwargs)
  File "/Users/bubby/realestate/properties/views.py", line 36, in property_listing
    return render(request, 'properties/listing_ajax.html')
  File "/Users/bubby/miniconda3/envs/realestate/lib/python3.8/site-packages/django/shortcuts.py", line 24, in render
    content = loader.render_to_string(template_name, context, request, using=using)
  File "/Users/bubby/miniconda3/envs/realestate/lib/python3.8/site-packages/django/template/loader.py", line 62, in render_to_string
    return template.render(context, request)
  File "/Users/bubby/miniconda3/envs/realestate/lib/python3.8/site-packages/django/template/backends/django.py", line 61, in render
    return self.template.render(context)
  File "/Users/bubby/miniconda3/envs/realestate/lib/python3.8/site-packages/django/template/base.py", line 175, in render
    return self._render(context)
  File "/Users/bubby/miniconda3/envs/realestate/lib/python3.8/site-packages/django/template/base.py", line 167, in _render
    return self.nodelist.render(context)
  File "/Users/bubby/miniconda3/envs/realestate/lib/python3.8/site-packages/django/template/base.py", line 1005, in render
    return SafeString("".join([node.render_annotated(context) for node in self]))
  File "/Users/bubby/miniconda3/envs/realestate/lib/python3.8/site-packages/django/template/base.py", line 1005, in <listcomp>
    return SafeString("".join([node.render_annotated(context) for node in self]))
  File "/Users/bubby/miniconda3/envs/realestate/lib/python3.8/site-packages/django/template/base.py", line 966, in render_annotated
    return self.render(context)
  File "/Users/bubby/miniconda3/envs/realestate/lib/python3.8/site-packages/django/template/defaulttags.py", line 471, in render
    url = reverse(view_name, args=args, kwargs=kwargs, current_app=current_app)
  File "/Users/bubby/miniconda3/envs/realestate/lib/python3.8/site-packages/django/urls/base.py", line 82, in reverse
    raise NoReverseMatch("%s is not a registered namespace" % key)
django.urls.exceptions.NoReverseMatch: 'property_listing' is not a registered namespace
Internal Server Error: /property-listing/property-listing/
Traceback (most recent call last):
  File "/Users/bubby/miniconda3/envs/realestate/lib/python3.8/site-packages/django/urls/base.py", line 71, in reverse
    extra, resolver = resolver.namespace_dict[ns]
KeyError: 'property_listing'

During handling of the above exception, another exception occurred:

Traceback (most recent call last):
  File "/Users/bubby/miniconda3/envs/realestate/lib/python3.8/site-packages/django/core/handlers/exception.py", line 55, in inner
    response = get_response(request)
  File "/Users/bubby/miniconda3/envs/realestate/lib/python3.8/site-packages/django/core/handlers/base.py", line 197, in _get_response
    response = wrapped_callback(request, *callback_args, **callback_kwargs)
  File "/Users/bubby/realestate/properties/views.py", line 36, in property_listing
    return render(request, 'properties/listing_ajax.html')
  File "/Users/bubby/miniconda3/envs/realestate/lib/python3.8/site-packages/django/shortcuts.py", line 24, in render
    content = loader.render_to_string(template_name, context, request, using=using)
  File "/Users/bubby/miniconda3/envs/realestate/lib/python3.8/site-packages/django/template/loader.py", line 62, in render_to_string
    return template.render(context, request)
  File "/Users/bubby/miniconda3/envs/realestate/lib/python3.8/site-packages/django/template/backends/django.py", line 61, in render
    return self.template.render(context)
  File "/Users/bubby/miniconda3/envs/realestate/lib/python3.8/site-packages/django/template/base.py", line 175, in render
    return self._render(context)
  File "/Users/bubby/miniconda3/envs/realestate/lib/python3.8/site-packages/django/template/base.py", line 167, in _render
    return self.nodelist.render(context)
  File "/Users/bubby/miniconda3/envs/realestate/lib/python3.8/site-packages/django/template/base.py", line 1005, in render
    return SafeString("".join([node.render_annotated(context) for node in self]))
  File "/Users/bubby/miniconda3/envs/realestate/lib/python3.8/site-packages/django/template/base.py", line 1005, in <listcomp>
    return SafeString("".join([node.render_annotated(context) for node in self]))
  File "/Users/bubby/miniconda3/envs/realestate/lib/python3.8/site-packages/django/template/base.py", line 966, in render_annotated
    return self.render(context)
  File "/Users/bubby/miniconda3/envs/realestate/lib/python3.8/site-packages/django/template/defaulttags.py", line 471, in render
    url = reverse(view_name, args=args, kwargs=kwargs, current_app=current_app)
  File "/Users/bubby/miniconda3/envs/realestate/lib/python3.8/site-packages/django/urls/base.py", line 82, in reverse
    raise NoReverseMatch("%s is not a registered namespace" % key)
django.urls.exceptions.NoReverseMatch: 'property_listing' is not a registered namespace
Internal Server Error: /property-listing/property-listing/
Traceback (most recent call last):
  File "/Users/bubby/miniconda3/envs/realestate/lib/python3.8/site-packages/django/urls/base.py", line 71, in reverse
    extra, resolver = resolver.namespace_dict[ns]
KeyError: 'property_listing'

During handling of the above exception, another exception occurred:

Traceback (most recent call last):
  File "/Users/bubby/miniconda3/envs/realestate/lib/python3.8/site-packages/django/core/handlers/exception.py", line 55, in inner
    response = get_response(request)
  File "/Users/bubby/miniconda3/envs/realestate/lib/python3.8/site-packages/django/core/handlers/base.py", line 197, in _get_response
    response = wrapped_callback(request, *callback_args, **callback_kwargs)
  File "/Users/bubby/realestate/properties/views.py", line 36, in property_listing
    return render(request, 'properties/listing_ajax.html')
  File "/Users/bubby/miniconda3/envs/realestate/lib/python3.8/site-packages/django/shortcuts.py", line 24, in render
    content = loader.render_to_string(template_name, context, request, using=using)
  File "/Users/bubby/miniconda3/envs/realestate/lib/python3.8/site-packages/django/template/loader.py", line 62, in render_to_string
    return template.render(context, request)
  File "/Users/bubby/miniconda3/envs/realestate/lib/python3.8/site-packages/django/template/backends/django.py", line 61, in render
    return self.template.render(context)
  File "/Users/bubby/miniconda3/envs/realestate/lib/python3.8/site-packages/django/template/base.py", line 175, in render
    return self._render(context)
  File "/Users/bubby/miniconda3/envs/realestate/lib/python3.8/site-packages/django/template/base.py", line 167, in _render
    return self.nodelist.render(context)
  File "/Users/bubby/miniconda3/envs/realestate/lib/python3.8/site-packages/django/template/base.py", line 1005, in render
    return SafeString("".join([node.render_annotated(context) for node in self]))
  File "/Users/bubby/miniconda3/envs/realestate/lib/python3.8/site-packages/django/template/base.py", line 1005, in <listcomp>
    return SafeString("".join([node.render_annotated(context) for node in self]))
  File "/Users/bubby/miniconda3/envs/realestate/lib/python3.8/site-packages/django/template/base.py", line 966, in render_annotated
    return self.render(context)
  File "/Users/bubby/miniconda3/envs/realestate/lib/python3.8/site-packages/django/template/defaulttags.py", line 471, in render
    url = reverse(view_name, args=args, kwargs=kwargs, current_app=current_app)
  File "/Users/bubby/miniconda3/envs/realestate/lib/python3.8/site-packages/django/urls/base.py", line 82, in reverse
    raise NoReverseMatch("%s is not a registered namespace" % key)
django.urls.exceptions.NoReverseMatch: 'property_listing' is not a registered namespace
Internal Server Error: /property-listing/property-listing/
Traceback (most recent call last):
  File "/Users/bubby/miniconda3/envs/realestate/lib/python3.8/site-packages/django/urls/base.py", line 71, in reverse
    extra, resolver = resolver.namespace_dict[ns]
KeyError: 'property_listing'

During handling of the above exception, another exception occurred:

Traceback (most recent call last):
  File "/Users/bubby/miniconda3/envs/realestate/lib/python3.8/site-packages/django/core/handlers/exception.py", line 55, in inner
    response = get_response(request)
  File "/Users/bubby/miniconda3/envs/realestate/lib/python3.8/site-packages/django/core/handlers/base.py", line 197, in _get_response
    response = wrapped_callback(request, *callback_args, **callback_kwargs)
  File "/Users/bubby/realestate/properties/views.py", line 36, in property_listing
    return render(request, 'properties/listing_ajax.html')
  File "/Users/bubby/miniconda3/envs/realestate/lib/python3.8/site-packages/django/shortcuts.py", line 24, in render
    content = loader.render_to_string(template_name, context, request, using=using)
  File "/Users/bubby/miniconda3/envs/realestate/lib/python3.8/site-packages/django/template/loader.py", line 62, in render_to_string
    return template.render(context, request)
  File "/Users/bubby/miniconda3/envs/realestate/lib/python3.8/site-packages/django/template/backends/django.py", line 61, in render
    return self.template.render(context)
  File "/Users/bubby/miniconda3/envs/realestate/lib/python3.8/site-packages/django/template/base.py", line 175, in render
    return self._render(context)
  File "/Users/bubby/miniconda3/envs/realestate/lib/python3.8/site-packages/django/template/base.py", line 167, in _render
    return self.nodelist.render(context)
  File "/Users/bubby/miniconda3/envs/realestate/lib/python3.8/site-packages/django/template/base.py", line 1005, in render
    return SafeString("".join([node.render_annotated(context) for node in self]))
  File "/Users/bubby/miniconda3/envs/realestate/lib/python3.8/site-packages/django/template/base.py", line 1005, in <listcomp>
    return SafeString("".join([node.render_annotated(context) for node in self]))
  File "/Users/bubby/miniconda3/envs/realestate/lib/python3.8/site-packages/django/template/base.py", line 966, in render_annotated
    return self.render(context)
  File "/Users/bubby/miniconda3/envs/realestate/lib/python3.8/site-packages/django/template/defaulttags.py", line 471, in render
    url = reverse(view_name, args=args, kwargs=kwargs, current_app=current_app)
  File "/Users/bubby/miniconda3/envs/realestate/lib/python3.8/site-packages/django/urls/base.py", line 82, in reverse
    raise NoReverseMatch("%s is not a registered namespace" % key)
django.urls.exceptions.NoReverseMatch: 'property_listing' is not a registered namespace
Internal Server Error: /property-listing/property-listing/
Traceback (most recent call last):
  File "/Users/bubby/miniconda3/envs/realestate/lib/python3.8/site-packages/django/urls/base.py", line 71, in reverse
    extra, resolver = resolver.namespace_dict[ns]
KeyError: 'property_listing'

During handling of the above exception, another exception occurred:

Traceback (most recent call last):
  File "/Users/bubby/miniconda3/envs/realestate/lib/python3.8/site-packages/django/core/handlers/exception.py", line 55, in inner
    response = get_response(request)
  File "/Users/bubby/miniconda3/envs/realestate/lib/python3.8/site-packages/django/core/handlers/base.py", line 197, in _get_response
    response = wrapped_callback(request, *callback_args, **callback_kwargs)
  File "/Users/bubby/realestate/properties/views.py", line 36, in property_listing
    return render(request, 'properties/listing_ajax.html')
  File "/Users/bubby/miniconda3/envs/realestate/lib/python3.8/site-packages/django/shortcuts.py", line 24, in render
    content = loader.render_to_string(template_name, context, request, using=using)
  File "/Users/bubby/miniconda3/envs/realestate/lib/python3.8/site-packages/django/template/loader.py", line 62, in render_to_string
    return template.render(context, request)
  File "/Users/bubby/miniconda3/envs/realestate/lib/python3.8/site-packages/django/template/backends/django.py", line 61, in render
    return self.template.render(context)
  File "/Users/bubby/miniconda3/envs/realestate/lib/python3.8/site-packages/django/template/base.py", line 175, in render
    return self._render(context)
  File "/Users/bubby/miniconda3/envs/realestate/lib/python3.8/site-packages/django/template/base.py", line 167, in _render
    return self.nodelist.render(context)
  File "/Users/bubby/miniconda3/envs/realestate/lib/python3.8/site-packages/django/template/base.py", line 1005, in render
    return SafeString("".join([node.render_annotated(context) for node in self]))
  File "/Users/bubby/miniconda3/envs/realestate/lib/python3.8/site-packages/django/template/base.py", line 1005, in <listcomp>
    return SafeString("".join([node.render_annotated(context) for node in self]))
  File "/Users/bubby/miniconda3/envs/realestate/lib/python3.8/site-packages/django/template/base.py", line 966, in render_annotated
    return self.render(context)
  File "/Users/bubby/miniconda3/envs/realestate/lib/python3.8/site-packages/django/template/defaulttags.py", line 471, in render
    url = reverse(view_name, args=args, kwargs=kwargs, current_app=current_app)
  File "/Users/bubby/miniconda3/envs/realestate/lib/python3.8/site-packages/django/urls/base.py", line 82, in reverse
    raise NoReverseMatch("%s is not a registered namespace" % key)
django.urls.exceptions.NoReverseMatch: 'property_listing' is not a registered namespace
Internal Server Error: /property-listing/property-listing/
Traceback (most recent call last):
  File "/Users/bubby/miniconda3/envs/realestate/lib/python3.8/site-packages/django/urls/base.py", line 71, in reverse
    extra, resolver = resolver.namespace_dict[ns]
KeyError: 'property_listing'

During handling of the above exception, another exception occurred:

Traceback (most recent call last):
  File "/Users/bubby/miniconda3/envs/realestate/lib/python3.8/site-packages/django/core/handlers/exception.py", line 55, in inner
    response = get_response(request)
  File "/Users/bubby/miniconda3/envs/realestate/lib/python3.8/site-packages/django/core/handlers/base.py", line 197, in _get_response
    response = wrapped_callback(request, *callback_args, **callback_kwargs)
  File "/Users/bubby/realestate/properties/views.py", line 36, in property_listing
    return render(request, 'properties/listing_ajax.html')
  File "/Users/bubby/miniconda3/envs/realestate/lib/python3.8/site-packages/django/shortcuts.py", line 24, in render
    content = loader.render_to_string(template_name, context, request, using=using)
  File "/Users/bubby/miniconda3/envs/realestate/lib/python3.8/site-packages/django/template/loader.py", line 62, in render_to_string
    return template.render(context, request)
  File "/Users/bubby/miniconda3/envs/realestate/lib/python3.8/site-packages/django/template/backends/django.py", line 61, in render
    return self.template.render(context)
  File "/Users/bubby/miniconda3/envs/realestate/lib/python3.8/site-packages/django/template/base.py", line 175, in render
    return self._render(context)
  File "/Users/bubby/miniconda3/envs/realestate/lib/python3.8/site-packages/django/template/base.py", line 167, in _render
    return self.nodelist.render(context)
  File "/Users/bubby/miniconda3/envs/realestate/lib/python3.8/site-packages/django/template/base.py", line 1005, in render
    return SafeString("".join([node.render_annotated(context) for node in self]))
  File "/Users/bubby/miniconda3/envs/realestate/lib/python3.8/site-packages/django/template/base.py", line 1005, in <listcomp>
    return SafeString("".join([node.render_annotated(context) for node in self]))
  File "/Users/bubby/miniconda3/envs/realestate/lib/python3.8/site-packages/django/template/base.py", line 966, in render_annotated
    return self.render(context)
  File "/Users/bubby/miniconda3/envs/realestate/lib/python3.8/site-packages/django/template/defaulttags.py", line 471, in render
    url = reverse(view_name, args=args, kwargs=kwargs, current_app=current_app)
  File "/Users/bubby/miniconda3/envs/realestate/lib/python3.8/site-packages/django/urls/base.py", line 82, in reverse
    raise NoReverseMatch("%s is not a registered namespace" % key)
django.urls.exceptions.NoReverseMatch: 'property_listing' is not a registered namespace
Internal Server Error: /property-listing/property-listing/
Traceback (most recent call last):
  File "/Users/bubby/miniconda3/envs/realestate/lib/python3.8/site-packages/django/urls/base.py", line 71, in reverse
    extra, resolver = resolver.namespace_dict[ns]
KeyError: 'property_listing'

During handling of the above exception, another exception occurred:

Traceback (most recent call last):
  File "/Users/bubby/miniconda3/envs/realestate/lib/python3.8/site-packages/django/core/handlers/exception.py", line 55, in inner
    response = get_response(request)
  File "/Users/bubby/miniconda3/envs/realestate/lib/python3.8/site-packages/django/core/handlers/base.py", line 197, in _get_response
    response = wrapped_callback(request, *callback_args, **callback_kwargs)
  File "/Users/bubby/realestate/properties/views.py", line 36, in property_listing
    return render(request, 'properties/listing_ajax.html')
  File "/Users/bubby/miniconda3/envs/realestate/lib/python3.8/site-packages/django/shortcuts.py", line 24, in render
    content = loader.render_to_string(template_name, context, request, using=using)
  File "/Users/bubby/miniconda3/envs/realestate/lib/python3.8/site-packages/django/template/loader.py", line 62, in render_to_string
    return template.render(context, request)
  File "/Users/bubby/miniconda3/envs/realestate/lib/python3.8/site-packages/django/template/backends/django.py", line 61, in render
    return self.template.render(context)
  File "/Users/bubby/miniconda3/envs/realestate/lib/python3.8/site-packages/django/template/base.py", line 175, in render
    return self._render(context)
  File "/Users/bubby/miniconda3/envs/realestate/lib/python3.8/site-packages/django/template/base.py", line 167, in _render
    return self.nodelist.render(context)
  File "/Users/bubby/miniconda3/envs/realestate/lib/python3.8/site-packages/django/template/base.py", line 1005, in render
    return SafeString("".join([node.render_annotated(context) for node in self]))
  File "/Users/bubby/miniconda3/envs/realestate/lib/python3.8/site-packages/django/template/base.py", line 1005, in <listcomp>
    return SafeString("".join([node.render_annotated(context) for node in self]))
  File "/Users/bubby/miniconda3/envs/realestate/lib/python3.8/site-packages/django/template/base.py", line 966, in render_annotated
    return self.render(context)
  File "/Users/bubby/miniconda3/envs/realestate/lib/python3.8/site-packages/django/template/defaulttags.py", line 471, in render
    url = reverse(view_name, args=args, kwargs=kwargs, current_app=current_app)
  File "/Users/bubby/miniconda3/envs/realestate/lib/python3.8/site-packages/django/urls/base.py", line 82, in reverse
    raise NoReverseMatch("%s is not a registered namespace" % key)
django.urls.exceptions.NoReverseMatch: 'property_listing' is not a registered namespace
Internal Server Error: /property-listing/property-listing/
Traceback (most recent call last):
  File "/Users/bubby/miniconda3/envs/realestate/lib/python3.8/site-packages/django/urls/base.py", line 71, in reverse
    extra, resolver = resolver.namespace_dict[ns]
KeyError: 'property_listing'

During handling of the above exception, another exception occurred:

Traceback (most recent call last):
  File "/Users/bubby/miniconda3/envs/realestate/lib/python3.8/site-packages/django/core/handlers/exception.py", line 55, in inner
    response = get_response(request)
  File "/Users/bubby/miniconda3/envs/realestate/lib/python3.8/site-packages/django/core/handlers/base.py", line 197, in _get_response
    response = wrapped_callback(request, *callback_args, **callback_kwargs)
  File "/Users/bubby/realestate/properties/views.py", line 36, in property_listing
    return render(request, 'properties/listing_ajax.html')
  File "/Users/bubby/miniconda3/envs/realestate/lib/python3.8/site-packages/django/shortcuts.py", line 24, in render
    content = loader.render_to_string(template_name, context, request, using=using)
  File "/Users/bubby/miniconda3/envs/realestate/lib/python3.8/site-packages/django/template/loader.py", line 62, in render_to_string
    return template.render(context, request)
  File "/Users/bubby/miniconda3/envs/realestate/lib/python3.8/site-packages/django/template/backends/django.py", line 61, in render
    return self.template.render(context)
  File "/Users/bubby/miniconda3/envs/realestate/lib/python3.8/site-packages/django/template/base.py", line 175, in render
    return self._render(context)
  File "/Users/bubby/miniconda3/envs/realestate/lib/python3.8/site-packages/django/template/base.py", line 167, in _render
    return self.nodelist.render(context)
  File "/Users/bubby/miniconda3/envs/realestate/lib/python3.8/site-packages/django/template/base.py", line 1005, in render
    return SafeString("".join([node.render_annotated(context) for node in self]))
  File "/Users/bubby/miniconda3/envs/realestate/lib/python3.8/site-packages/django/template/base.py", line 1005, in <listcomp>
    return SafeString("".join([node.render_annotated(context) for node in self]))
  File "/Users/bubby/miniconda3/envs/realestate/lib/python3.8/site-packages/django/template/base.py", line 966, in render_annotated
    return self.render(context)
  File "/Users/bubby/miniconda3/envs/realestate/lib/python3.8/site-packages/django/template/defaulttags.py", line 471, in render
    url = reverse(view_name, args=args, kwargs=kwargs, current_app=current_app)
  File "/Users/bubby/miniconda3/envs/realestate/lib/python3.8/site-packages/django/urls/base.py", line 82, in reverse
    raise NoReverseMatch("%s is not a registered namespace" % key)
django.urls.exceptions.NoReverseMatch: 'property_listing' is not a registered namespace
Internal Server Error: /property-listing/property-listing/
Traceback (most recent call last):
  File "/Users/bubby/miniconda3/envs/realestate/lib/python3.8/site-packages/django/urls/base.py", line 71, in reverse
    extra, resolver = resolver.namespace_dict[ns]
KeyError: 'property_listing'

During handling of the above exception, another exception occurred:

Traceback (most recent call last):
  File "/Users/bubby/miniconda3/envs/realestate/lib/python3.8/site-packages/django/core/handlers/exception.py", line 55, in inner
    response = get_response(request)
  File "/Users/bubby/miniconda3/envs/realestate/lib/python3.8/site-packages/django/core/handlers/base.py", line 197, in _get_response
    response = wrapped_callback(request, *callback_args, **callback_kwargs)
  File "/Users/bubby/realestate/properties/views.py", line 36, in property_listing
    return render(request, 'properties/listing_ajax.html')
  File "/Users/bubby/miniconda3/envs/realestate/lib/python3.8/site-packages/django/shortcuts.py", line 24, in render
    content = loader.render_to_string(template_name, context, request, using=using)
  File "/Users/bubby/miniconda3/envs/realestate/lib/python3.8/site-packages/django/template/loader.py", line 62, in render_to_string
    return template.render(context, request)
  File "/Users/bubby/miniconda3/envs/realestate/lib/python3.8/site-packages/django/template/backends/django.py", line 61, in render
    return self.template.render(context)
  File "/Users/bubby/miniconda3/envs/realestate/lib/python3.8/site-packages/django/template/base.py", line 175, in render
    return self._render(context)
  File "/Users/bubby/miniconda3/envs/realestate/lib/python3.8/site-packages/django/template/base.py", line 167, in _render
    return self.nodelist.render(context)
  File "/Users/bubby/miniconda3/envs/realestate/lib/python3.8/site-packages/django/template/base.py", line 1005, in render
    return SafeString("".join([node.render_annotated(context) for node in self]))
  File "/Users/bubby/miniconda3/envs/realestate/lib/python3.8/site-packages/django/template/base.py", line 1005, in <listcomp>
    return SafeString("".join([node.render_annotated(context) for node in self]))
  File "/Users/bubby/miniconda3/envs/realestate/lib/python3.8/site-packages/django/template/base.py", line 966, in render_annotated
    return self.render(context)
  File "/Users/bubby/miniconda3/envs/realestate/lib/python3.8/site-packages/django/template/defaulttags.py", line 471, in render
    url = reverse(view_name, args=args, kwargs=kwargs, current_app=current_app)
  File "/Users/bubby/miniconda3/envs/realestate/lib/python3.8/site-packages/django/urls/base.py", line 82, in reverse
    raise NoReverseMatch("%s is not a registered namespace" % key)
django.urls.exceptions.NoReverseMatch: 'property_listing' is not a registered namespace
Internal Server Error: /property-listing/property-listing/
Traceback (most recent call last):
  File "/Users/bubby/miniconda3/envs/realestate/lib/python3.8/site-packages/django/urls/base.py", line 71, in reverse
    extra, resolver = resolver.namespace_dict[ns]
KeyError: 'property_listing'

During handling of the above exception, another exception occurred:

Traceback (most recent call last):
  File "/Users/bubby/miniconda3/envs/realestate/lib/python3.8/site-packages/django/core/handlers/exception.py", line 55, in inner
    response = get_response(request)
  File "/Users/bubby/miniconda3/envs/realestate/lib/python3.8/site-packages/django/core/handlers/base.py", line 197, in _get_response
    response = wrapped_callback(request, *callback_args, **callback_kwargs)
  File "/Users/bubby/realestate/properties/views.py", line 36, in property_listing
    return render(request, 'properties/listing_ajax.html')
  File "/Users/bubby/miniconda3/envs/realestate/lib/python3.8/site-packages/django/shortcuts.py", line 24, in render
    content = loader.render_to_string(template_name, context, request, using=using)
  File "/Users/bubby/miniconda3/envs/realestate/lib/python3.8/site-packages/django/template/loader.py", line 62, in render_to_string
    return template.render(context, request)
  File "/Users/bubby/miniconda3/envs/realestate/lib/python3.8/site-packages/django/template/backends/django.py", line 61, in render
    return self.template.render(context)
  File "/Users/bubby/miniconda3/envs/realestate/lib/python3.8/site-packages/django/template/base.py", line 175, in render
    return self._render(context)
  File "/Users/bubby/miniconda3/envs/realestate/lib/python3.8/site-packages/django/template/base.py", line 167, in _render
    return self.nodelist.render(context)
  File "/Users/bubby/miniconda3/envs/realestate/lib/python3.8/site-packages/django/template/base.py", line 1005, in render
    return SafeString("".join([node.render_annotated(context) for node in self]))
  File "/Users/bubby/miniconda3/envs/realestate/lib/python3.8/site-packages/django/template/base.py", line 1005, in <listcomp>
    return SafeString("".join([node.render_annotated(context) for node in self]))
  File "/Users/bubby/miniconda3/envs/realestate/lib/python3.8/site-packages/django/template/base.py", line 966, in render_annotated
    return self.render(context)
  File "/Users/bubby/miniconda3/envs/realestate/lib/python3.8/site-packages/django/template/defaulttags.py", line 471, in render
    url = reverse(view_name, args=args, kwargs=kwargs, current_app=current_app)
  File "/Users/bubby/miniconda3/envs/realestate/lib/python3.8/site-packages/django/urls/base.py", line 82, in reverse
    raise NoReverseMatch("%s is not a registered namespace" % key)
django.urls.exceptions.NoReverseMatch: 'property_listing' is not a registered namespace
Internal Server Error: /property-listing/property-listing/
Traceback (most recent call last):
  File "/Users/bubby/miniconda3/envs/realestate/lib/python3.8/site-packages/django/urls/base.py", line 71, in reverse
    extra, resolver = resolver.namespace_dict[ns]
KeyError: 'property_listing'

During handling of the above exception, another exception occurred:

Traceback (most recent call last):
  File "/Users/bubby/miniconda3/envs/realestate/lib/python3.8/site-packages/django/core/handlers/exception.py", line 55, in inner
    response = get_response(request)
  File "/Users/bubby/miniconda3/envs/realestate/lib/python3.8/site-packages/django/core/handlers/base.py", line 197, in _get_response
    response = wrapped_callback(request, *callback_args, **callback_kwargs)
  File "/Users/bubby/realestate/properties/views.py", line 36, in property_listing
    return render(request, 'properties/listing_ajax.html')
  File "/Users/bubby/miniconda3/envs/realestate/lib/python3.8/site-packages/django/shortcuts.py", line 24, in render
    content = loader.render_to_string(template_name, context, request, using=using)
  File "/Users/bubby/miniconda3/envs/realestate/lib/python3.8/site-packages/django/template/loader.py", line 62, in render_to_string
    return template.render(context, request)
  File "/Users/bubby/miniconda3/envs/realestate/lib/python3.8/site-packages/django/template/backends/django.py", line 61, in render
    return self.template.render(context)
  File "/Users/bubby/miniconda3/envs/realestate/lib/python3.8/site-packages/django/template/base.py", line 175, in render
    return self._render(context)
  File "/Users/bubby/miniconda3/envs/realestate/lib/python3.8/site-packages/django/template/base.py", line 167, in _render
    return self.nodelist.render(context)
  File "/Users/bubby/miniconda3/envs/realestate/lib/python3.8/site-packages/django/template/base.py", line 1005, in render
    return SafeString("".join([node.render_annotated(context) for node in self]))
  File "/Users/bubby/miniconda3/envs/realestate/lib/python3.8/site-packages/django/template/base.py", line 1005, in <listcomp>
    return SafeString("".join([node.render_annotated(context) for node in self]))
  File "/Users/bubby/miniconda3/envs/realestate/lib/python3.8/site-packages/django/template/base.py", line 966, in render_annotated
    return self.render(context)
  File "/Users/bubby/miniconda3/envs/realestate/lib/python3.8/site-packages/django/template/defaulttags.py", line 471, in render
    url = reverse(view_name, args=args, kwargs=kwargs, current_app=current_app)
  File "/Users/bubby/miniconda3/envs/realestate/lib/python3.8/site-packages/django/urls/base.py", line 82, in reverse
    raise NoReverseMatch("%s is not a registered namespace" % key)
django.urls.exceptions.NoReverseMatch: 'property_listing' is not a registered namespace
Internal Server Error: /property-listing/property-listing/
Traceback (most recent call last):
  File "/Users/bubby/miniconda3/envs/realestate/lib/python3.8/site-packages/django/urls/base.py", line 71, in reverse
    extra, resolver = resolver.namespace_dict[ns]
KeyError: 'property_listing'

During handling of the above exception, another exception occurred:

Traceback (most recent call last):
  File "/Users/bubby/miniconda3/envs/realestate/lib/python3.8/site-packages/django/core/handlers/exception.py", line 55, in inner
    response = get_response(request)
  File "/Users/bubby/miniconda3/envs/realestate/lib/python3.8/site-packages/django/core/handlers/base.py", line 197, in _get_response
    response = wrapped_callback(request, *callback_args, **callback_kwargs)
  File "/Users/bubby/realestate/properties/views.py", line 36, in property_listing
    return render(request, 'properties/listing_ajax.html')
  File "/Users/bubby/miniconda3/envs/realestate/lib/python3.8/site-packages/django/shortcuts.py", line 24, in render
    content = loader.render_to_string(template_name, context, request, using=using)
  File "/Users/bubby/miniconda3/envs/realestate/lib/python3.8/site-packages/django/template/loader.py", line 62, in render_to_string
    return template.render(context, request)
  File "/Users/bubby/miniconda3/envs/realestate/lib/python3.8/site-packages/django/template/backends/django.py", line 61, in render
    return self.template.render(context)
  File "/Users/bubby/miniconda3/envs/realestate/lib/python3.8/site-packages/django/template/base.py", line 175, in render
    return self._render(context)
  File "/Users/bubby/miniconda3/envs/realestate/lib/python3.8/site-packages/django/template/base.py", line 167, in _render
    return self.nodelist.render(context)
  File "/Users/bubby/miniconda3/envs/realestate/lib/python3.8/site-packages/django/template/base.py", line 1005, in render
    return SafeString("".join([node.render_annotated(context) for node in self]))
  File "/Users/bubby/miniconda3/envs/realestate/lib/python3.8/site-packages/django/template/base.py", line 1005, in <listcomp>
    return SafeString("".join([node.render_annotated(context) for node in self]))
  File "/Users/bubby/miniconda3/envs/realestate/lib/python3.8/site-packages/django/template/base.py", line 966, in render_annotated
    return self.render(context)
  File "/Users/bubby/miniconda3/envs/realestate/lib/python3.8/site-packages/django/template/defaulttags.py", line 471, in render
    url = reverse(view_name, args=args, kwargs=kwargs, current_app=current_app)
  File "/Users/bubby/miniconda3/envs/realestate/lib/python3.8/site-packages/django/urls/base.py", line 82, in reverse
    raise NoReverseMatch("%s is not a registered namespace" % key)
django.urls.exceptions.NoReverseMatch: 'property_listing' is not a registered namespace
Watching for file changes with StatReloader
Internal Server Error: /property-listing/property-listing/
Traceback (most recent call last):
  File "/Users/bubby/miniconda3/envs/realestate/lib/python3.8/site-packages/django/urls/base.py", line 71, in reverse
    extra, resolver = resolver.namespace_dict[ns]
KeyError: 'property_listing'

During handling of the above exception, another exception occurred:

Traceback (most recent call last):
  File "/Users/bubby/miniconda3/envs/realestate/lib/python3.8/site-packages/django/core/handlers/exception.py", line 55, in inner
    response = get_response(request)
  File "/Users/bubby/miniconda3/envs/realestate/lib/python3.8/site-packages/django/core/handlers/base.py", line 197, in _get_response
    response = wrapped_callback(request, *callback_args, **callback_kwargs)
  File "/Users/bubby/realestate/properties/views.py", line 36, in property_listing
    return render(request, 'properties/listing_ajax.html')
  File "/Users/bubby/miniconda3/envs/realestate/lib/python3.8/site-packages/django/shortcuts.py", line 24, in render
    content = loader.render_to_string(template_name, context, request, using=using)
  File "/Users/bubby/miniconda3/envs/realestate/lib/python3.8/site-packages/django/template/loader.py", line 62, in render_to_string
    return template.render(context, request)
  File "/Users/bubby/miniconda3/envs/realestate/lib/python3.8/site-packages/django/template/backends/django.py", line 61, in render
    return self.template.render(context)
  File "/Users/bubby/miniconda3/envs/realestate/lib/python3.8/site-packages/django/template/base.py", line 175, in render
    return self._render(context)
  File "/Users/bubby/miniconda3/envs/realestate/lib/python3.8/site-packages/django/template/base.py", line 167, in _render
    return self.nodelist.render(context)
  File "/Users/bubby/miniconda3/envs/realestate/lib/python3.8/site-packages/django/template/base.py", line 1005, in render
    return SafeString("".join([node.render_annotated(context) for node in self]))
  File "/Users/bubby/miniconda3/envs/realestate/lib/python3.8/site-packages/django/template/base.py", line 1005, in <listcomp>
    return SafeString("".join([node.render_annotated(context) for node in self]))
  File "/Users/bubby/miniconda3/envs/realestate/lib/python3.8/site-packages/django/template/base.py", line 966, in render_annotated
    return self.render(context)
  File "/Users/bubby/miniconda3/envs/realestate/lib/python3.8/site-packages/django/template/defaulttags.py", line 471, in render
    url = reverse(view_name, args=args, kwargs=kwargs, current_app=current_app)
  File "/Users/bubby/miniconda3/envs/realestate/lib/python3.8/site-packages/django/urls/base.py", line 82, in reverse
    raise NoReverseMatch("%s is not a registered namespace" % key)
django.urls.exceptions.NoReverseMatch: 'property_listing' is not a registered namespace
Watching for file changes with StatReloader
Internal Server Error: /property-listing/property-listing/
Traceback (most recent call last):
  File "/Users/bubby/miniconda3/envs/realestate/lib/python3.8/site-packages/django/urls/base.py", line 71, in reverse
    extra, resolver = resolver.namespace_dict[ns]
KeyError: 'property_listing'

During handling of the above exception, another exception occurred:

Traceback (most recent call last):
  File "/Users/bubby/miniconda3/envs/realestate/lib/python3.8/site-packages/django/core/handlers/exception.py", line 55, in inner
    response = get_response(request)
  File "/Users/bubby/miniconda3/envs/realestate/lib/python3.8/site-packages/django/core/handlers/base.py", line 197, in _get_response
    response = wrapped_callback(request, *callback_args, **callback_kwargs)
  File "/Users/bubby/realestate/properties/views.py", line 36, in property_listing
    return render(request, 'properties/listing_ajax.html')
  File "/Users/bubby/miniconda3/envs/realestate/lib/python3.8/site-packages/django/shortcuts.py", line 24, in render
    content = loader.render_to_string(template_name, context, request, using=using)
  File "/Users/bubby/miniconda3/envs/realestate/lib/python3.8/site-packages/django/template/loader.py", line 62, in render_to_string
    return template.render(context, request)
  File "/Users/bubby/miniconda3/envs/realestate/lib/python3.8/site-packages/django/template/backends/django.py", line 61, in render
    return self.template.render(context)
  File "/Users/bubby/miniconda3/envs/realestate/lib/python3.8/site-packages/django/template/base.py", line 175, in render
    return self._render(context)
  File "/Users/bubby/miniconda3/envs/realestate/lib/python3.8/site-packages/django/template/base.py", line 167, in _render
    return self.nodelist.render(context)
  File "/Users/bubby/miniconda3/envs/realestate/lib/python3.8/site-packages/django/template/base.py", line 1005, in render
    return SafeString("".join([node.render_annotated(context) for node in self]))
  File "/Users/bubby/miniconda3/envs/realestate/lib/python3.8/site-packages/django/template/base.py", line 1005, in <listcomp>
    return SafeString("".join([node.render_annotated(context) for node in self]))
  File "/Users/bubby/miniconda3/envs/realestate/lib/python3.8/site-packages/django/template/base.py", line 966, in render_annotated
    return self.render(context)
  File "/Users/bubby/miniconda3/envs/realestate/lib/python3.8/site-packages/django/template/defaulttags.py", line 471, in render
    url = reverse(view_name, args=args, kwargs=kwargs, current_app=current_app)
  File "/Users/bubby/miniconda3/envs/realestate/lib/python3.8/site-packages/django/urls/base.py", line 82, in reverse
    raise NoReverseMatch("%s is not a registered namespace" % key)
django.urls.exceptions.NoReverseMatch: 'property_listing' is not a registered namespace
Internal Server Error: /property-listing/property-listing/
Traceback (most recent call last):
  File "/Users/bubby/miniconda3/envs/realestate/lib/python3.8/site-packages/django/urls/base.py", line 71, in reverse
    extra, resolver = resolver.namespace_dict[ns]
KeyError: 'property_listing'

During handling of the above exception, another exception occurred:

Traceback (most recent call last):
  File "/Users/bubby/miniconda3/envs/realestate/lib/python3.8/site-packages/django/core/handlers/exception.py", line 55, in inner
    response = get_response(request)
  File "/Users/bubby/miniconda3/envs/realestate/lib/python3.8/site-packages/django/core/handlers/base.py", line 197, in _get_response
    response = wrapped_callback(request, *callback_args, **callback_kwargs)
  File "/Users/bubby/realestate/properties/views.py", line 36, in property_listing
    return render(request, 'properties/listing_ajax.html')
  File "/Users/bubby/miniconda3/envs/realestate/lib/python3.8/site-packages/django/shortcuts.py", line 24, in render
    content = loader.render_to_string(template_name, context, request, using=using)
  File "/Users/bubby/miniconda3/envs/realestate/lib/python3.8/site-packages/django/template/loader.py", line 62, in render_to_string
    return template.render(context, request)
  File "/Users/bubby/miniconda3/envs/realestate/lib/python3.8/site-packages/django/template/backends/django.py", line 61, in render
    return self.template.render(context)
  File "/Users/bubby/miniconda3/envs/realestate/lib/python3.8/site-packages/django/template/base.py", line 175, in render
    return self._render(context)
  File "/Users/bubby/miniconda3/envs/realestate/lib/python3.8/site-packages/django/template/base.py", line 167, in _render
    return self.nodelist.render(context)
  File "/Users/bubby/miniconda3/envs/realestate/lib/python3.8/site-packages/django/template/base.py", line 1005, in render
    return SafeString("".join([node.render_annotated(context) for node in self]))
  File "/Users/bubby/miniconda3/envs/realestate/lib/python3.8/site-packages/django/template/base.py", line 1005, in <listcomp>
    return SafeString("".join([node.render_annotated(context) for node in self]))
  File "/Users/bubby/miniconda3/envs/realestate/lib/python3.8/site-packages/django/template/base.py", line 966, in render_annotated
    return self.render(context)
  File "/Users/bubby/miniconda3/envs/realestate/lib/python3.8/site-packages/django/template/defaulttags.py", line 471, in render
    url = reverse(view_name, args=args, kwargs=kwargs, current_app=current_app)
  File "/Users/bubby/miniconda3/envs/realestate/lib/python3.8/site-packages/django/urls/base.py", line 82, in reverse
    raise NoReverseMatch("%s is not a registered namespace" % key)
django.urls.exceptions.NoReverseMatch: 'property_listing' is not a registered namespace
Internal Server Error: /property-listing/property-listing/
Traceback (most recent call last):
  File "/Users/bubby/miniconda3/envs/realestate/lib/python3.8/site-packages/django/urls/base.py", line 71, in reverse
    extra, resolver = resolver.namespace_dict[ns]
KeyError: 'property_listing'

During handling of the above exception, another exception occurred:

Traceback (most recent call last):
  File "/Users/bubby/miniconda3/envs/realestate/lib/python3.8/site-packages/django/core/handlers/exception.py", line 55, in inner
    response = get_response(request)
  File "/Users/bubby/miniconda3/envs/realestate/lib/python3.8/site-packages/django/core/handlers/base.py", line 197, in _get_response
    response = wrapped_callback(request, *callback_args, **callback_kwargs)
  File "/Users/bubby/realestate/properties/views.py", line 36, in property_listing
    return render(request, 'properties/listing_ajax.html')
  File "/Users/bubby/miniconda3/envs/realestate/lib/python3.8/site-packages/django/shortcuts.py", line 24, in render
    content = loader.render_to_string(template_name, context, request, using=using)
  File "/Users/bubby/miniconda3/envs/realestate/lib/python3.8/site-packages/django/template/loader.py", line 62, in render_to_string
    return template.render(context, request)
  File "/Users/bubby/miniconda3/envs/realestate/lib/python3.8/site-packages/django/template/backends/django.py", line 61, in render
    return self.template.render(context)
  File "/Users/bubby/miniconda3/envs/realestate/lib/python3.8/site-packages/django/template/base.py", line 175, in render
    return self._render(context)
  File "/Users/bubby/miniconda3/envs/realestate/lib/python3.8/site-packages/django/template/base.py", line 167, in _render
    return self.nodelist.render(context)
  File "/Users/bubby/miniconda3/envs/realestate/lib/python3.8/site-packages/django/template/base.py", line 1005, in render
    return SafeString("".join([node.render_annotated(context) for node in self]))
  File "/Users/bubby/miniconda3/envs/realestate/lib/python3.8/site-packages/django/template/base.py", line 1005, in <listcomp>
    return SafeString("".join([node.render_annotated(context) for node in self]))
  File "/Users/bubby/miniconda3/envs/realestate/lib/python3.8/site-packages/django/template/base.py", line 966, in render_annotated
    return self.render(context)
  File "/Users/bubby/miniconda3/envs/realestate/lib/python3.8/site-packages/django/template/defaulttags.py", line 471, in render
    url = reverse(view_name, args=args, kwargs=kwargs, current_app=current_app)
  File "/Users/bubby/miniconda3/envs/realestate/lib/python3.8/site-packages/django/urls/base.py", line 82, in reverse
    raise NoReverseMatch("%s is not a registered namespace" % key)
django.urls.exceptions.NoReverseMatch: 'property_listing' is not a registered namespace
/Users/bubby/realestate/properties/views.py changed, reloading.
Watching for file changes with StatReloader
/Users/bubby/realestate/properties/urls.py changed, reloading.
Watching for file changes with StatReloader
Not Found: /property-listing/add-to-favorites/
Watching for file changes with StatReloader
/Users/bubby/realestate/properties/views.py changed, reloading.
Watching for file changes with StatReloader
Not Found: /favicon.ico
Not Found: /property-listing/add-to-favorites/
/Users/bubby/realestate/properties/views.py changed, reloading.
Watching for file changes with StatReloader
/Users/bubby/realestate/properties/views.py changed, reloading.
Watching for file changes with StatReloader
/Users/bubby/realestate/properties/views.py changed, reloading.
Watching for file changes with StatReloader
Internal Server Error: /property-listing/property-listing/
Traceback (most recent call last):
  File "/Users/bubby/miniconda3/envs/realestate/lib/python3.8/site-packages/django/template/base.py", line 505, in parse
    compile_func = self.tags[command]
KeyError: 'static'

During handling of the above exception, another exception occurred:

Traceback (most recent call last):
  File "/Users/bubby/miniconda3/envs/realestate/lib/python3.8/site-packages/django/core/handlers/exception.py", line 55, in inner
    response = get_response(request)
  File "/Users/bubby/miniconda3/envs/realestate/lib/python3.8/site-packages/django/core/handlers/base.py", line 197, in _get_response
    response = wrapped_callback(request, *callback_args, **callback_kwargs)
  File "/Users/bubby/realestate/properties/views.py", line 34, in property_listing
    return render(request, 'properties/listing_ajax.html')
  File "/Users/bubby/miniconda3/envs/realestate/lib/python3.8/site-packages/django/shortcuts.py", line 24, in render
    content = loader.render_to_string(template_name, context, request, using=using)
  File "/Users/bubby/miniconda3/envs/realestate/lib/python3.8/site-packages/django/template/loader.py", line 61, in render_to_string
    template = get_template(template_name, using=using)
  File "/Users/bubby/miniconda3/envs/realestate/lib/python3.8/site-packages/django/template/loader.py", line 15, in get_template
    return engine.get_template(template_name)
  File "/Users/bubby/miniconda3/envs/realestate/lib/python3.8/site-packages/django/template/backends/django.py", line 33, in get_template
    return Template(self.engine.get_template(template_name), self)
  File "/Users/bubby/miniconda3/envs/realestate/lib/python3.8/site-packages/django/template/engine.py", line 175, in get_template
    template, origin = self.find_template(template_name)
  File "/Users/bubby/miniconda3/envs/realestate/lib/python3.8/site-packages/django/template/engine.py", line 157, in find_template
    template = loader.get_template(name, skip=skip)
  File "/Users/bubby/miniconda3/envs/realestate/lib/python3.8/site-packages/django/template/loaders/cached.py", line 57, in get_template
    template = super().get_template(template_name, skip)
  File "/Users/bubby/miniconda3/envs/realestate/lib/python3.8/site-packages/django/template/loaders/base.py", line 28, in get_template
    return Template(
  File "/Users/bubby/miniconda3/envs/realestate/lib/python3.8/site-packages/django/template/base.py", line 154, in __init__
    self.nodelist = self.compile_nodelist()
  File "/Users/bubby/miniconda3/envs/realestate/lib/python3.8/site-packages/django/template/base.py", line 200, in compile_nodelist
    return parser.parse()
  File "/Users/bubby/miniconda3/envs/realestate/lib/python3.8/site-packages/django/template/base.py", line 507, in parse
    self.invalid_block_tag(token, command, parse_until)
  File "/Users/bubby/miniconda3/envs/realestate/lib/python3.8/site-packages/django/template/base.py", line 568, in invalid_block_tag
    raise self.error(
django.template.exceptions.TemplateSyntaxError: Invalid block tag on line 10: 'static'. Did you forget to register or load this tag?
Watching for file changes with StatReloader
/Users/bubby/realestate/properties/views.py changed, reloading.
Watching for file changes with StatReloader
Watching for file changes with StatReloader
Watching for file changes with StatReloader
/Users/bubby/realestate/properties/views.py changed, reloading.
Watching for file changes with StatReloader
/Users/bubby/realestate/properties/views.py changed, reloading.
Watching for file changes with StatReloader
/Users/bubby/realestate/properties/urls.py changed, reloading.
Watching for file changes with StatReloader
/Users/bubby/realestate/properties/views.py changed, reloading.
Watching for file changes with StatReloader
Watching for file changes with StatReloader
/Users/bubby/realestate/properties/views.py changed, reloading.
Watching for file changes with StatReloader
/Users/bubby/realestate/properties/urls.py changed, reloading.
Watching for file changes with StatReloader
/Users/bubby/realestate/properties/views.py changed, reloading.
Watching for file changes with StatReloader
Not Found: /save-properties/
/Users/bubby/realestate/properties/urls.py changed, reloading.
Watching for file changes with StatReloader
Not Found: /save-properties/
Not Found: /save-properties/
Not Found: /save-properties/
Not Found: /save-properties/
Not Found: /save-properties/
Not Found: /save-properties/
Not Found: /save-properties/
Not Found: /save-properties/
/Users/bubby/realestate/properties/views.py changed, reloading.
Watching for file changes with StatReloader
Not Found: /save-properties/
Not Found: /save-properties/
Not Found: /save-properties/
Not Found: /save-properties/
Not Found: /save-properties/
/Users/bubby/realestate/properties/views.py changed, reloading.
Watching for file changes with StatReloader
Not Found: /property-listing/03102
Not Found: /save-properties/
Not Found: /save-properties/
Not Found: /save-properties/
Not Found: /save-properties/
Not Found: /save-properties/
Not Found: /save-properties/
Not Found: /save-properties/
/Users/bubby/realestate/properties/urls.py changed, reloading.
Watching for file changes with StatReloader
Not Found: /favicon.ico
Not Found: /save-properties/
Not Found: /save-properties/
Not Found: /save-properties/
/Users/bubby/realestate/properties/models.py changed, reloading.
Watching for file changes with StatReloader
/Users/bubby/realestate/properties/views.py changed, reloading.
Watching for file changes with StatReloader
Not Found: /save-properties/
Watching for file changes with StatReloader
Not Found: /save-properties/
/Users/bubby/realestate/properties/urls.py changed, reloading.
Watching for file changes with StatReloader
Not Found: /save-properties/
Not Found: /save-properties/
Not Found: /save-properties/
Watching for file changes with StatReloader
Not Found: /favicon.ico
Not Found: /property-listing//property-listing/property-listing/
Not Found: /property-listing//property-listing/property-listing/
Not Found: /property-listing//property-listing/property-listing/
Not Found: /property-listing//property-listing/property-listing/
/Users/bubby/realestate/properties/urls.py changed, reloading.
Watching for file changes with StatReloader
Not Found: /property-listing//property-listing/property-listing/
/Users/bubby/realestate/properties/urls.py changed, reloading.
Watching for file changes with StatReloader
/Users/bubby/realestate/properties/urls.py changed, reloading.
Watching for file changes with StatReloader
/Users/bubby/realestate/properties/urls.py changed, reloading.
Watching for file changes with StatReloader
/Users/bubby/realestate/properties/urls.py changed, reloading.
Watching for file changes with StatReloader
Not Found: /property-listing//property-listing/
Not Found: /property-listing//property-listing/
/Users/bubby/realestate/properties/urls.py changed, reloading.
Watching for file changes with StatReloader
/Users/bubby/realestate/properties/urls.py changed, reloading.
Watching for file changes with StatReloader
Not Found: /property-listing/property-listing/
Not Found: /property-listing/property-listing/
Not Found: /property-listing/property-listing/
/Users/bubby/realestate/properties/views.py changed, reloading.
Watching for file changes with StatReloader
Watching for file changes with StatReloader
/Users/bubby/realestate/properties/views.py changed, reloading.
Watching for file changes with StatReloader
Not Found: /property-listing/property-listing/
/Users/bubby/realestate/properties/urls.py changed, reloading.
Watching for file changes with StatReloader
Not Found: /property-listing/property-listing/property-listing/
Not Found: /property-listing/property-listing/property-listing/
Not Found: /property-listing/property-listing/property-listing/
Not Found: /property-listing/property-listing/property-listing/
Watching for file changes with StatReloader
Not Found: /property-listing/property-listing/property-listing/
/Users/bubby/realestate/properties/urls.py changed, reloading.
Watching for file changes with StatReloader
Not Found: /property-listing/property-listing/
/Users/bubby/realestate/realestate/urls.py changed, reloading.
Watching for file changes with StatReloader
/Users/bubby/realestate/properties/urls.py changed, reloading.
Watching for file changes with StatReloader
Not Found: /property-listing/property-listing/
Not Found: /favicon.ico
Not Found: /property-listing/property_listing/
Not Found: /property-listing/property_listing/
Not Found: /property-listing/property_listing/
Not Found: /favicon.ico
Not Found: /property-listing/property_listing/
Watching for file changes with StatReloader
Not Found: /property-listing/property_listing/
Not Found: /property-listing/property_listing/
Not Found: /property-listing/property_listing/
Not Found: /property-listing/property_listing/
Not Found: /property-listing/property_listing/
Watching for file changes with StatReloader
Not Found: /favicon.ico
Not Found: /property-listing/property_listing/
/Users/bubby/realestate/properties/urls.py changed, reloading.
Watching for file changes with StatReloader
Not Found: /property-listing/
Not Found: /property-listing/
Not Found: /property-listing/
/Users/bubby/realestate/properties/urls.py changed, reloading.
Watching for file changes with StatReloader
Not Found: /property-listing/
/Users/bubby/realestate/properties/urls.py changed, reloading.
Watching for file changes with StatReloader
/Users/bubby/realestate/properties/urls.py changed, reloading.
Watching for file changes with StatReloader
Not Found: /property-listing/property_listing/
Not Found: /property-listing/property_listing/
Not Found: /property-listing/property_listing/
Not Found: /property-listing/property_listing/
Not Found: /property-listing/property_listing/
/Users/bubby/realestate/properties/urls.py changed, reloading.
Watching for file changes with StatReloader
Not Found: /property-listing/property_listing/
/Users/bubby/realestate/properties/urls.py changed, reloading.
Watching for file changes with StatReloader
Not Found: /save-properties/
Watching for file changes with StatReloader
Not Found: /favicon.ico
Not Found: /save-properties/
/Users/bubby/realestate/properties/views.py changed, reloading.
Watching for file changes with StatReloader
Watching for file changes with StatReloader
Not Found: /add-to-favorites/
Not Found: /add-to-favorites/
Not Found: /add-to-favorites/
Not Found: /add-to-favorites/
Watching for file changes with StatReloader
/Users/bubby/realestate/properties/urls.py changed, reloading.
Watching for file changes with StatReloader
Watching for file changes with StatReloader
/Users/bubby/realestate/properties/urls.py changed, reloading.
Watching for file changes with StatReloader
Not Found: /favicon.ico
Not Found: /add-to-favorites/
/Users/bubby/realestate/properties/urls.py changed, reloading.
Watching for file changes with StatReloader
Not Found: /add-to-favorites/
/Users/bubby/realestate/properties/urls.py changed, reloading.
Watching for file changes with StatReloader
Not Found: /add-to-favorites/
/Users/bubby/realestate/properties/views.py changed, reloading.
Watching for file changes with StatReloader
/Users/bubby/realestate/properties/views.py changed, reloading.
Watching for file changes with StatReloader
Not Found: /add-to-favorites/
Not Found: /add-to-favorites/
/Users/bubby/realestate/properties/urls.py changed, reloading.
Watching for file changes with StatReloader
/Users/bubby/realestate/properties/urls.py changed, reloading.
Watching for file changes with StatReloader
/Users/bubby/realestate/properties/urls.py changed, reloading.
Watching for file changes with StatReloader
/Users/bubby/realestate/properties/urls.py changed, reloading.
Watching for file changes with StatReloader
/Users/bubby/realestate/properties/views.py changed, reloading.
Watching for file changes with StatReloader
Not Found: /add-to-favorites/
Not Found: /add-to-favorites/
Not Found: /add-to-favorites/
Not Found: /add-to-favorites/
/Users/bubby/realestate/properties/models.py changed, reloading.
Watching for file changes with StatReloader
Watching for file changes with StatReloader
Not Found: /add-to-favorites/
Watching for file changes with StatReloader
Not Found: /add-to-favorites/
Not Found: /add-to-favorites/
Not Found: /add-to-favorites/
/Users/bubby/realestate/homepage/urls.py changed, reloading.
Watching for file changes with StatReloader
Not Found: /add-to-favorites/
/Users/bubby/realestate/homepage/urls.py changed, reloading.
Watching for file changes with StatReloader
Not Found: /add-to-favorites/
/Users/bubby/realestate/homepage/urls.py changed, reloading.
Watching for file changes with StatReloader
/Users/bubby/realestate/homepage/urls.py changed, reloading.
Watching for file changes with StatReloader
/Users/bubby/realestate/properties/urls.py changed, reloading.
Watching for file changes with StatReloader
Not Found: /add-to-favorites/
Not Found: /add-to-favorites/
/Users/bubby/realestate/properties/urls.py changed, reloading.
Watching for file changes with StatReloader
Watching for file changes with StatReloader
Not Found: /favicon.ico
Not Found: /add-to-favorites/
/Users/bubby/realestate/properties/views.py changed, reloading.
Watching for file changes with StatReloader
/Users/bubby/realestate/properties/views.py changed, reloading.
Watching for file changes with StatReloader
Watching for file changes with StatReloader
Not Found: /favicon.ico
Not Found: /add-to-favorites/
Not Found: /add-to-favorites/
/Users/bubby/realestate/properties/views.py changed, reloading.
Watching for file changes with StatReloader
Not Found: /add-to-favorites/
/Users/bubby/realestate/properties/views.py changed, reloading.
Watching for file changes with StatReloader
Not Found: /add-to-favorites/
Not Found: /add-to-favorites/
Not Found: /add-to-favorites/
/Users/bubby/realestate/properties/views.py changed, reloading.
Watching for file changes with StatReloader
Internal Server Error: /property-listing/
Traceback (most recent call last):
  File "/Users/bubby/miniconda3/envs/realestate/lib/python3.8/site-packages/django/core/handlers/exception.py", line 55, in inner
    response = get_response(request)
  File "/Users/bubby/miniconda3/envs/realestate/lib/python3.8/site-packages/django/core/handlers/base.py", line 204, in _get_response
    self.check_response(response, callback)
  File "/Users/bubby/miniconda3/envs/realestate/lib/python3.8/site-packages/django/core/handlers/base.py", line 332, in check_response
    raise ValueError(
ValueError: The view properties.views.property_listing didn't return an HttpResponse object. It returned None instead.
/Users/bubby/realestate/properties/views.py changed, reloading.
Watching for file changes with StatReloader
Not Found: /add-to-favorites/
/Users/bubby/realestate/realestate/settings.py changed, reloading.
Watching for file changes with StatReloader
Not Found: /add-to-favorites/
Not Found: /add-to-favorites/
Watching for file changes with StatReloader
Not Found: /favicon.ico
Not Found: /add-to-favorites/
Not Found: /add-to-favorites/
Not Found: /add-to-favorites/
/Users/bubby/realestate/properties/views.py changed, reloading.
Watching for file changes with StatReloader
Not Found: /property-listing/favorites
Watching for file changes with StatReloader
Not Found: /favicon.ico
Not Found: /add-to-favorites/
Not Found: /add-to-favorites/
Not Found: /add-to-favorites/
Not Found: /add-to-favorites/
Not Found: /add-to-favorites/
Not Found: /add-to-favorites/
Not Found: /add-to-favorites/
Not Found: /add-to-favorites/
Not Found: /add-to-favorites/
Not Found: /add-to-favorites/
Not Found: /add-to-favorites/
Not Found: /add-to-favorites/
Watching for file changes with StatReloader
Not Found: /add-to-favorites/
/Users/bubby/realestate/properties/views.py changed, reloading.
Watching for file changes with StatReloader
Not Found: /apple-touch-icon-precomposed.png
Not Found: /apple-touch-icon.png
/Users/bubby/realestate/properties/views.py changed, reloading.
Watching for file changes with StatReloader
/Users/bubby/realestate/properties/urls.py changed, reloading.
Watching for file changes with StatReloader
Watching for file changes with StatReloader
Not Found: /add-to-favorites/
Watching for file changes with StatReloader
Not Found: /property-detail/251471154/
Watching for file changes with StatReloader
Not Found: /property-detail/251471154/
Not Found: /property-details
/Users/bubby/realestate/properties/views.py changed, reloading.
Watching for file changes with StatReloader
Not Found: /property-detail/95345497/
Not Found: /property-detail/95345497/
Not Found: /property-detail/74303061/
Watching for file changes with StatReloader
Not Found: /property-detail/74303061/
Not Found: /property-detail/74296106/
Not Found: /property-detail/74320294/
/Users/bubby/realestate/properties/urls.py changed, reloading.
Watching for file changes with StatReloader
Not Found: /property-detail/251471154/
/Users/bubby/realestate/homepage/urls.py changed, reloading.
Watching for file changes with StatReloader
Not Found: /property-detail/251471154/
Not Found: /property-detail/95345497/
Watching for file changes with StatReloader
Not Found: /property-detail/74303061/
/Users/bubby/realestate/properties/views.py changed, reloading.
Watching for file changes with StatReloader
Not Found: /property-detail/74320294/
/Users/bubby/realestate/properties/views.py changed, reloading.
Watching for file changes with StatReloader
Watching for file changes with StatReloader
Internal Server Error: /property-detail/74320294/
Traceback (most recent call last):
  File "/Users/bubby/realestate/properties/views.py", line 43, in property_detail
    property = Property.objects.get(zpid=zpid)
  File "/Users/bubby/miniconda3/envs/realestate/lib/python3.8/site-packages/django/db/models/manager.py", line 87, in manager_method
    return getattr(self.get_queryset(), name)(*args, **kwargs)
  File "/Users/bubby/miniconda3/envs/realestate/lib/python3.8/site-packages/django/db/models/query.py", line 637, in get
    raise self.model.DoesNotExist(
properties.models.Property.DoesNotExist: Property matching query does not exist.

During handling of the above exception, another exception occurred:

Traceback (most recent call last):
  File "/Users/bubby/miniconda3/envs/realestate/lib/python3.8/site-packages/django/core/handlers/exception.py", line 55, in inner
    response = get_response(request)
  File "/Users/bubby/miniconda3/envs/realestate/lib/python3.8/site-packages/django/core/handlers/base.py", line 197, in _get_response
    response = wrapped_callback(request, *callback_args, **callback_kwargs)
  File "/Users/bubby/realestate/properties/views.py", line 46, in property_detail
    return render(request, 'properties/property_not_found.html', {'zpid': zpid})
  File "/Users/bubby/miniconda3/envs/realestate/lib/python3.8/site-packages/django/shortcuts.py", line 24, in render
    content = loader.render_to_string(template_name, context, request, using=using)
  File "/Users/bubby/miniconda3/envs/realestate/lib/python3.8/site-packages/django/template/loader.py", line 61, in render_to_string
    template = get_template(template_name, using=using)
  File "/Users/bubby/miniconda3/envs/realestate/lib/python3.8/site-packages/django/template/loader.py", line 19, in get_template
    raise TemplateDoesNotExist(template_name, chain=chain)
django.template.exceptions.TemplateDoesNotExist: properties/property_not_found.html
/Users/bubby/realestate/properties/utils.py changed, reloading.
Watching for file changes with StatReloader
/Users/bubby/realestate/properties/views.py changed, reloading.
Watching for file changes with StatReloader
/Users/bubby/realestate/properties/views.py changed, reloading.
Watching for file changes with StatReloader
/Users/bubby/realestate/homepage/urls.py changed, reloading.
Watching for file changes with StatReloader
Watching for file changes with StatReloader
/Users/bubby/realestate/homepage/urls.py changed, reloading.
Watching for file changes with StatReloader
Not Found: /save-property/251471154/
/Users/bubby/realestate/properties/urls.py changed, reloading.
Watching for file changes with StatReloader
Not Found: /save-property/251471154/
Not Found: /save-property/251471154/
Not Found: /save-property/251471154/
/Users/bubby/realestate/properties/views.py changed, reloading.
Watching for file changes with StatReloader
Not Found: /save-property/251471154/
/Users/bubby/realestate/properties/views.py changed, reloading.
Watching for file changes with StatReloader
Not Found: /save-property/95345497/
Not Found: /save-property/2054285212/
Watching for file changes with StatReloader
/Users/bubby/realestate/properties/views.py changed, reloading.
Watching for file changes with StatReloader
/Users/bubby/realestate/properties/urls.py changed, reloading.
Watching for file changes with StatReloader
/Users/bubby/realestate/properties/urls.py changed, reloading.
Watching for file changes with StatReloader
/Users/bubby/realestate/properties/urls.py changed, reloading.
Watching for file changes with StatReloader
/Users/bubby/realestate/properties/views.py changed, reloading.
Watching for file changes with StatReloader
/Users/bubby/realestate/properties/urls.py changed, reloading.
Watching for file changes with StatReloader
Watching for file changes with StatReloader
Not Found: /save-properties/
Not Found: /save-properties/
Not Found: /save-properties/
Watching for file changes with StatReloader
Forbidden (CSRF cookie not set.): /property-listing/
Watching for file changes with StatReloader
Not Found: /save-properties/
Not Found: /save-properties/
/Users/bubby/realestate/realestate/urls.py changed, reloading.
Watching for file changes with StatReloader
/Users/bubby/realestate/realestate/urls.py changed, reloading.
Watching for file changes with StatReloader
Watching for file changes with StatReloader
Not Found: /save-properties/
Not Found: /save-properties/
Watching for file changes with StatReloader
Not Found: /favicon.ico
Not Found: /save-properties/
Not Found: /save-properties/
Not Found: /save-properties/
/Users/bubby/realestate/realestate/urls.py changed, reloading.
Watching for file changes with StatReloader
/Users/bubby/realestate/realestate/urls.py changed, reloading.
Watching for file changes with StatReloader
Watching for file changes with StatReloader
/Users/bubby/realestate/homepage/urls.py changed, reloading.
Watching for file changes with StatReloader
Watching for file changes with StatReloader
/Users/bubby/realestate/homepage/urls.py changed, reloading.
Watching for file changes with StatReloader
Watching for file changes with StatReloader
Watching for file changes with StatReloader
Not Found: /favicon.ico
Watching for file changes with StatReloader
Watching for file changes with StatReloader
/Users/bubby/realestate/properties/views.py changed, reloading.
Watching for file changes with StatReloader
Watching for file changes with StatReloader
/Users/bubby/realestate/properties/views.py changed, reloading.
Watching for file changes with StatReloader
/Users/bubby/realestate/properties/views.py changed, reloading.
Watching for file changes with StatReloader
/Users/bubby/realestate/properties/views.py changed, reloading.
Watching for file changes with StatReloader
/Users/bubby/realestate/properties/views.py changed, reloading.
Watching for file changes with StatReloader
Watching for file changes with StatReloader
/Users/bubby/realestate/properties/views.py changed, reloading.
Watching for file changes with StatReloader
/Users/bubby/realestate/properties/urls.py changed, reloading.
Watching for file changes with StatReloader
Not Found: /save-property/
Not Found: /save-property/
Not Found: /save-property/
Not Found: /save-property/
/Users/bubby/realestate/properties/urls.py changed, reloading.
Watching for file changes with StatReloader
/Users/bubby/realestate/homepage/urls.py changed, reloading.
Watching for file changes with StatReloader
Forbidden (CSRF cookie not set.): /save-property/
Forbidden (CSRF cookie not set.): /save-property/
Forbidden (CSRF cookie not set.): /save-property/
Watching for file changes with StatReloader
/Users/bubby/realestate/properties/views.py changed, reloading.
Watching for file changes with StatReloader
Not Found: /save-property/properties/fav.html
/Users/bubby/realestate/properties/views.py changed, reloading.
Watching for file changes with StatReloader
Watching for file changes with StatReloader
Not Found: /favicon.ico
Watching for file changes with StatReloader
Not Found: /favicon.ico
Bad Request: /save-property/
Bad Request: /save-property/
Bad Request: /save-property/
/Users/bubby/realestate/properties/views.py changed, reloading.
Watching for file changes with StatReloader
Internal Server Error: /property-listing/
Traceback (most recent call last):
  File "/Users/bubby/miniconda3/envs/realestate/lib/python3.8/site-packages/django/core/handlers/exception.py", line 55, in inner
    response = get_response(request)
  File "/Users/bubby/miniconda3/envs/realestate/lib/python3.8/site-packages/django/core/handlers/base.py", line 197, in _get_response
    response = wrapped_callback(request, *callback_args, **callback_kwargs)
  File "/Users/bubby/realestate/properties/views.py", line 12, in property_listing
    response = requests.get(url, headers=headers, params=querystring)
NameError: name 'requests' is not defined
Internal Server Error: /property-listing/
Traceback (most recent call last):
  File "/Users/bubby/miniconda3/envs/realestate/lib/python3.8/site-packages/django/core/handlers/exception.py", line 55, in inner
    response = get_response(request)
  File "/Users/bubby/miniconda3/envs/realestate/lib/python3.8/site-packages/django/core/handlers/base.py", line 197, in _get_response
    response = wrapped_callback(request, *callback_args, **callback_kwargs)
  File "/Users/bubby/realestate/properties/views.py", line 12, in property_listing
    response = requests.get(url, headers=headers, params=querystring)
NameError: name 'requests' is not defined
Internal Server Error: /property-listing/
Traceback (most recent call last):
  File "/Users/bubby/miniconda3/envs/realestate/lib/python3.8/site-packages/django/core/handlers/exception.py", line 55, in inner
    response = get_response(request)
  File "/Users/bubby/miniconda3/envs/realestate/lib/python3.8/site-packages/django/core/handlers/base.py", line 197, in _get_response
    response = wrapped_callback(request, *callback_args, **callback_kwargs)
  File "/Users/bubby/realestate/properties/views.py", line 12, in property_listing
    response = requests.get(url, headers=headers, params=querystring)
NameError: name 'requests' is not defined
Internal Server Error: /property-listing/
Traceback (most recent call last):
  File "/Users/bubby/miniconda3/envs/realestate/lib/python3.8/site-packages/django/core/handlers/exception.py", line 55, in inner
    response = get_response(request)
  File "/Users/bubby/miniconda3/envs/realestate/lib/python3.8/site-packages/django/core/handlers/base.py", line 197, in _get_response
    response = wrapped_callback(request, *callback_args, **callback_kwargs)
  File "/Users/bubby/realestate/properties/views.py", line 12, in property_listing
    response = requests.get(url, headers=headers, params=querystring)
NameError: name 'requests' is not defined
Internal Server Error: /property-listing/
Traceback (most recent call last):
  File "/Users/bubby/miniconda3/envs/realestate/lib/python3.8/site-packages/django/core/handlers/exception.py", line 55, in inner
    response = get_response(request)
  File "/Users/bubby/miniconda3/envs/realestate/lib/python3.8/site-packages/django/core/handlers/base.py", line 197, in _get_response
    response = wrapped_callback(request, *callback_args, **callback_kwargs)
  File "/Users/bubby/realestate/properties/views.py", line 12, in property_listing
    response = requests.get(url, headers=headers, params=querystring)
NameError: name 'requests' is not defined
Internal Server Error: /property-listing/
Traceback (most recent call last):
  File "/Users/bubby/miniconda3/envs/realestate/lib/python3.8/site-packages/django/core/handlers/exception.py", line 55, in inner
    response = get_response(request)
  File "/Users/bubby/miniconda3/envs/realestate/lib/python3.8/site-packages/django/core/handlers/base.py", line 197, in _get_response
    response = wrapped_callback(request, *callback_args, **callback_kwargs)
  File "/Users/bubby/realestate/properties/views.py", line 12, in property_listing
    response = requests.get(url, headers=headers, params=querystring)
NameError: name 'requests' is not defined
/Users/bubby/realestate/properties/views.py changed, reloading.
Watching for file changes with StatReloader
Bad Request: /save-property/
Bad Request: /save-property/
Bad Request: /save-property/
Watching for file changes with StatReloader
Bad Request: /save-property/
/Users/bubby/realestate/properties/views.py changed, reloading.
Watching for file changes with StatReloader
Bad Request: /save-property/
Bad Request: /save-property/
Bad Request: /save-property/
Bad Request: /save-property/
Bad Request: /save-property/
Bad Request: /save-property/
/Users/bubby/realestate/properties/urls.py changed, reloading.
Watching for file changes with StatReloader
Bad Request: /save-property/
/Users/bubby/realestate/properties/urls.py changed, reloading.
Watching for file changes with StatReloader
Watching for file changes with StatReloader
Watching for file changes with StatReloader
Not Found: /favicon.ico
/Users/bubby/realestate/properties/views.py changed, reloading.
Watching for file changes with StatReloader
Bad Request: /add-to-favorites/
Bad Request: /add-to-favorites/
Bad Request: /add-to-favorites/
Bad Request: /add-to-favorites/
Bad Request: /add-to-favorites/
Bad Request: /add-to-favorites/
/Users/bubby/realestate/properties/views.py changed, reloading.
Watching for file changes with StatReloader
Bad Request: /add-to-favorites/
Watching for file changes with StatReloader
Bad Request: /add-to-favorites/
Bad Request: /add-to-favorites/
Bad Request: /add-to-favorites/
Bad Request: /add-to-favorites/
Bad Request: /add-to-favorites/
Bad Request: /add-to-favorites/
Bad Request: /add-to-favorites/
/Users/bubby/realestate/properties/views.py changed, reloading.
Watching for file changes with StatReloader
/Users/bubby/realestate/homepage/urls.py changed, reloading.
Watching for file changes with StatReloader
Bad Request: /save-property/
Bad Request: /save-property/
Bad Request: /save-property/
Bad Request: /save-property/
Bad Request: /save-property/
Bad Request: /save-property/
Bad Request: /save-property/
Bad Request: /save-property/
Bad Request: /save-property/
Bad Request: /save-property/
Watching for file changes with StatReloader
Bad Request: /save-property/
Bad Request: /save-property/
Bad Request: /save-property/
Bad Request: /save-property/
Bad Request: /save-property/
Bad Request: /save-property/
Bad Request: /save-property/
Bad Request: /save-property/
Bad Request: /save-property/
Bad Request: /save-property/
Bad Request: /save-property/
Bad Request: /save-property/
Bad Request: /save-property/
Bad Request: /save-property/
/Users/bubby/realestate/properties/views.py changed, reloading.
Watching for file changes with StatReloader
Watching for file changes with StatReloader
Internal Server Error: /property-listing/
Traceback (most recent call last):
  File "/Users/bubby/miniconda3/envs/realestate/lib/python3.8/site-packages/django/core/handlers/exception.py", line 55, in inner
    response = get_response(request)
  File "/Users/bubby/miniconda3/envs/realestate/lib/python3.8/site-packages/django/core/handlers/base.py", line 197, in _get_response
    response = wrapped_callback(request, *callback_args, **callback_kwargs)
  File "/Users/bubby/realestate/properties/views.py", line 33, in property_listing
    return render(request, 'properties/listing_ajax.html')
  File "/Users/bubby/miniconda3/envs/realestate/lib/python3.8/site-packages/django/shortcuts.py", line 24, in render
    content = loader.render_to_string(template_name, context, request, using=using)
  File "/Users/bubby/miniconda3/envs/realestate/lib/python3.8/site-packages/django/template/loader.py", line 62, in render_to_string
    return template.render(context, request)
  File "/Users/bubby/miniconda3/envs/realestate/lib/python3.8/site-packages/django/template/backends/django.py", line 61, in render
    return self.template.render(context)
  File "/Users/bubby/miniconda3/envs/realestate/lib/python3.8/site-packages/django/template/base.py", line 175, in render
    return self._render(context)
  File "/Users/bubby/miniconda3/envs/realestate/lib/python3.8/site-packages/django/template/base.py", line 167, in _render
    return self.nodelist.render(context)
  File "/Users/bubby/miniconda3/envs/realestate/lib/python3.8/site-packages/django/template/base.py", line 1005, in render
    return SafeString("".join([node.render_annotated(context) for node in self]))
  File "/Users/bubby/miniconda3/envs/realestate/lib/python3.8/site-packages/django/template/base.py", line 1005, in <listcomp>
    return SafeString("".join([node.render_annotated(context) for node in self]))
  File "/Users/bubby/miniconda3/envs/realestate/lib/python3.8/site-packages/django/template/base.py", line 966, in render_annotated
    return self.render(context)
  File "/Users/bubby/miniconda3/envs/realestate/lib/python3.8/site-packages/django/template/defaulttags.py", line 471, in render
    url = reverse(view_name, args=args, kwargs=kwargs, current_app=current_app)
  File "/Users/bubby/miniconda3/envs/realestate/lib/python3.8/site-packages/django/urls/base.py", line 88, in reverse
    return resolver._reverse_with_prefix(view, prefix, *args, **kwargs)
  File "/Users/bubby/miniconda3/envs/realestate/lib/python3.8/site-packages/django/urls/resolvers.py", line 828, in _reverse_with_prefix
    raise NoReverseMatch(msg)
django.urls.exceptions.NoReverseMatch: Reverse for 'saved_properties' not found. 'saved_properties' is not a valid view function or pattern name.
/Users/bubby/realestate/properties/views.py changed, reloading.
Watching for file changes with StatReloader
Internal Server Error: /property-listing/
Traceback (most recent call last):
  File "/Users/bubby/miniconda3/envs/realestate/lib/python3.8/site-packages/django/core/handlers/exception.py", line 55, in inner
    response = get_response(request)
  File "/Users/bubby/miniconda3/envs/realestate/lib/python3.8/site-packages/django/core/handlers/base.py", line 197, in _get_response
    response = wrapped_callback(request, *callback_args, **callback_kwargs)
  File "/Users/bubby/realestate/properties/views.py", line 33, in property_listing
    return render(request, 'properties/listing_ajax.html')
  File "/Users/bubby/miniconda3/envs/realestate/lib/python3.8/site-packages/django/shortcuts.py", line 24, in render
    content = loader.render_to_string(template_name, context, request, using=using)
  File "/Users/bubby/miniconda3/envs/realestate/lib/python3.8/site-packages/django/template/loader.py", line 62, in render_to_string
    return template.render(context, request)
  File "/Users/bubby/miniconda3/envs/realestate/lib/python3.8/site-packages/django/template/backends/django.py", line 61, in render
    return self.template.render(context)
  File "/Users/bubby/miniconda3/envs/realestate/lib/python3.8/site-packages/django/template/base.py", line 175, in render
    return self._render(context)
  File "/Users/bubby/miniconda3/envs/realestate/lib/python3.8/site-packages/django/template/base.py", line 167, in _render
    return self.nodelist.render(context)
  File "/Users/bubby/miniconda3/envs/realestate/lib/python3.8/site-packages/django/template/base.py", line 1005, in render
    return SafeString("".join([node.render_annotated(context) for node in self]))
  File "/Users/bubby/miniconda3/envs/realestate/lib/python3.8/site-packages/django/template/base.py", line 1005, in <listcomp>
    return SafeString("".join([node.render_annotated(context) for node in self]))
  File "/Users/bubby/miniconda3/envs/realestate/lib/python3.8/site-packages/django/template/base.py", line 966, in render_annotated
    return self.render(context)
  File "/Users/bubby/miniconda3/envs/realestate/lib/python3.8/site-packages/django/template/defaulttags.py", line 471, in render
    url = reverse(view_name, args=args, kwargs=kwargs, current_app=current_app)
  File "/Users/bubby/miniconda3/envs/realestate/lib/python3.8/site-packages/django/urls/base.py", line 88, in reverse
    return resolver._reverse_with_prefix(view, prefix, *args, **kwargs)
  File "/Users/bubby/miniconda3/envs/realestate/lib/python3.8/site-packages/django/urls/resolvers.py", line 828, in _reverse_with_prefix
    raise NoReverseMatch(msg)
django.urls.exceptions.NoReverseMatch: Reverse for 'saved_properties' not found. 'saved_properties' is not a valid view function or pattern name.
Internal Server Error: /property-listing/saved-properties/
Traceback (most recent call last):
  File "/Users/bubby/miniconda3/envs/realestate/lib/python3.8/site-packages/django/core/handlers/exception.py", line 55, in inner
    response = get_response(request)
  File "/Users/bubby/miniconda3/envs/realestate/lib/python3.8/site-packages/django/core/handlers/base.py", line 197, in _get_response
    response = wrapped_callback(request, *callback_args, **callback_kwargs)
  File "/Users/bubby/realestate/properties/views.py", line 63, in saved_properties
    return render(request, 'properties/saved_properties.html', {'saved_properties': saved_properties})
  File "/Users/bubby/miniconda3/envs/realestate/lib/python3.8/site-packages/django/shortcuts.py", line 24, in render
    content = loader.render_to_string(template_name, context, request, using=using)
  File "/Users/bubby/miniconda3/envs/realestate/lib/python3.8/site-packages/django/template/loader.py", line 61, in render_to_string
    template = get_template(template_name, using=using)
  File "/Users/bubby/miniconda3/envs/realestate/lib/python3.8/site-packages/django/template/loader.py", line 19, in get_template
    raise TemplateDoesNotExist(template_name, chain=chain)
django.template.exceptions.TemplateDoesNotExist: properties/saved_properties.html
Internal Server Error: /property-listing/saved-properties/
Traceback (most recent call last):
  File "/Users/bubby/miniconda3/envs/realestate/lib/python3.8/site-packages/django/core/handlers/exception.py", line 55, in inner
    response = get_response(request)
  File "/Users/bubby/miniconda3/envs/realestate/lib/python3.8/site-packages/django/core/handlers/base.py", line 197, in _get_response
    response = wrapped_callback(request, *callback_args, **callback_kwargs)
  File "/Users/bubby/realestate/properties/views.py", line 63, in saved_properties
    return render(request, 'properties/saved_properties.html', {'saved_properties': saved_properties})
  File "/Users/bubby/miniconda3/envs/realestate/lib/python3.8/site-packages/django/shortcuts.py", line 24, in render
    content = loader.render_to_string(template_name, context, request, using=using)
  File "/Users/bubby/miniconda3/envs/realestate/lib/python3.8/site-packages/django/template/loader.py", line 61, in render_to_string
    template = get_template(template_name, using=using)
  File "/Users/bubby/miniconda3/envs/realestate/lib/python3.8/site-packages/django/template/loader.py", line 15, in get_template
    return engine.get_template(template_name)
  File "/Users/bubby/miniconda3/envs/realestate/lib/python3.8/site-packages/django/template/backends/django.py", line 33, in get_template
    return Template(self.engine.get_template(template_name), self)
  File "/Users/bubby/miniconda3/envs/realestate/lib/python3.8/site-packages/django/template/engine.py", line 175, in get_template
    template, origin = self.find_template(template_name)
  File "/Users/bubby/miniconda3/envs/realestate/lib/python3.8/site-packages/django/template/engine.py", line 157, in find_template
    template = loader.get_template(name, skip=skip)
  File "/Users/bubby/miniconda3/envs/realestate/lib/python3.8/site-packages/django/template/loaders/cached.py", line 57, in get_template
    template = super().get_template(template_name, skip)
  File "/Users/bubby/miniconda3/envs/realestate/lib/python3.8/site-packages/django/template/loaders/base.py", line 28, in get_template
    return Template(
  File "/Users/bubby/miniconda3/envs/realestate/lib/python3.8/site-packages/django/template/base.py", line 154, in __init__
    self.nodelist = self.compile_nodelist()
  File "/Users/bubby/miniconda3/envs/realestate/lib/python3.8/site-packages/django/template/base.py", line 200, in compile_nodelist
    return parser.parse()
  File "/Users/bubby/miniconda3/envs/realestate/lib/python3.8/site-packages/django/template/base.py", line 513, in parse
    raise self.error(token, e)
  File "/Users/bubby/miniconda3/envs/realestate/lib/python3.8/site-packages/django/template/base.py", line 511, in parse
    compiled_result = compile_func(self, token)
  File "/Users/bubby/miniconda3/envs/realestate/lib/python3.8/site-packages/django/template/loader_tags.py", line 293, in do_extends
    nodelist = parser.parse()
  File "/Users/bubby/miniconda3/envs/realestate/lib/python3.8/site-packages/django/template/base.py", line 513, in parse
    raise self.error(token, e)
  File "/Users/bubby/miniconda3/envs/realestate/lib/python3.8/site-packages/django/template/base.py", line 511, in parse
    compiled_result = compile_func(self, token)
  File "/Users/bubby/miniconda3/envs/realestate/lib/python3.8/site-packages/django/template/loader_tags.py", line 232, in do_block
    nodelist = parser.parse(("endblock",))
  File "/Users/bubby/miniconda3/envs/realestate/lib/python3.8/site-packages/django/template/base.py", line 513, in parse
    raise self.error(token, e)
  File "/Users/bubby/miniconda3/envs/realestate/lib/python3.8/site-packages/django/template/base.py", line 511, in parse
    compiled_result = compile_func(self, token)
  File "/Users/bubby/miniconda3/envs/realestate/lib/python3.8/site-packages/django/template/defaulttags.py", line 953, in do_if
    nodelist = parser.parse(("elif", "else", "endif"))
  File "/Users/bubby/miniconda3/envs/realestate/lib/python3.8/site-packages/django/template/base.py", line 513, in parse
    raise self.error(token, e)
  File "/Users/bubby/miniconda3/envs/realestate/lib/python3.8/site-packages/django/template/base.py", line 511, in parse
    compiled_result = compile_func(self, token)
  File "/Users/bubby/miniconda3/envs/realestate/lib/python3.8/site-packages/django/template/defaulttags.py", line 852, in do_for
    sequence = parser.compile_filter(bits[in_index + 1])
  File "/Users/bubby/miniconda3/envs/realestate/lib/python3.8/site-packages/django/template/base.py", line 600, in compile_filter
    return FilterExpression(token, self)
  File "/Users/bubby/miniconda3/envs/realestate/lib/python3.8/site-packages/django/template/base.py", line 703, in __init__
    raise TemplateSyntaxError(
django.template.exceptions.TemplateSyntaxError: Could not parse the remainder: '-properties' from 'saved-properties'
Watching for file changes with StatReloader
Watching for file changes with StatReloader
Internal Server Error: /property-listing/update-description/2/
Traceback (most recent call last):
  File "/Users/bubby/miniconda3/envs/realestate/lib/python3.8/site-packages/django/core/handlers/exception.py", line 55, in inner
    response = get_response(request)
  File "/Users/bubby/miniconda3/envs/realestate/lib/python3.8/site-packages/django/core/handlers/base.py", line 197, in _get_response
    response = wrapped_callback(request, *callback_args, **callback_kwargs)
  File "/Users/bubby/realestate/properties/views.py", line 82, in update_description
    return render(request, 'properties/update_description.html', {'form': form, 'property': property_instance})
  File "/Users/bubby/miniconda3/envs/realestate/lib/python3.8/site-packages/django/shortcuts.py", line 24, in render
    content = loader.render_to_string(template_name, context, request, using=using)
  File "/Users/bubby/miniconda3/envs/realestate/lib/python3.8/site-packages/django/template/loader.py", line 62, in render_to_string
    return template.render(context, request)
  File "/Users/bubby/miniconda3/envs/realestate/lib/python3.8/site-packages/django/template/backends/django.py", line 61, in render
    return self.template.render(context)
  File "/Users/bubby/miniconda3/envs/realestate/lib/python3.8/site-packages/django/template/base.py", line 175, in render
    return self._render(context)
  File "/Users/bubby/miniconda3/envs/realestate/lib/python3.8/site-packages/django/template/base.py", line 167, in _render
    return self.nodelist.render(context)
  File "/Users/bubby/miniconda3/envs/realestate/lib/python3.8/site-packages/django/template/base.py", line 1005, in render
    return SafeString("".join([node.render_annotated(context) for node in self]))
  File "/Users/bubby/miniconda3/envs/realestate/lib/python3.8/site-packages/django/template/base.py", line 1005, in <listcomp>
    return SafeString("".join([node.render_annotated(context) for node in self]))
  File "/Users/bubby/miniconda3/envs/realestate/lib/python3.8/site-packages/django/template/base.py", line 966, in render_annotated
    return self.render(context)
  File "/Users/bubby/miniconda3/envs/realestate/lib/python3.8/site-packages/django/template/loader_tags.py", line 157, in render
    return compiled_parent._render(context)
  File "/Users/bubby/miniconda3/envs/realestate/lib/python3.8/site-packages/django/template/base.py", line 167, in _render
    return self.nodelist.render(context)
  File "/Users/bubby/miniconda3/envs/realestate/lib/python3.8/site-packages/django/template/base.py", line 1005, in render
    return SafeString("".join([node.render_annotated(context) for node in self]))
  File "/Users/bubby/miniconda3/envs/realestate/lib/python3.8/site-packages/django/template/base.py", line 1005, in <listcomp>
    return SafeString("".join([node.render_annotated(context) for node in self]))
  File "/Users/bubby/miniconda3/envs/realestate/lib/python3.8/site-packages/django/template/base.py", line 966, in render_annotated
    return self.render(context)
  File "/Users/bubby/miniconda3/envs/realestate/lib/python3.8/site-packages/django/template/loader_tags.py", line 63, in render
    result = block.nodelist.render(context)
  File "/Users/bubby/miniconda3/envs/realestate/lib/python3.8/site-packages/django/template/base.py", line 1005, in render
    return SafeString("".join([node.render_annotated(context) for node in self]))
  File "/Users/bubby/miniconda3/envs/realestate/lib/python3.8/site-packages/django/template/base.py", line 1005, in <listcomp>
    return SafeString("".join([node.render_annotated(context) for node in self]))
  File "/Users/bubby/miniconda3/envs/realestate/lib/python3.8/site-packages/django/template/base.py", line 966, in render_annotated
    return self.render(context)
  File "/Users/bubby/miniconda3/envs/realestate/lib/python3.8/site-packages/django/template/defaulttags.py", line 471, in render
    url = reverse(view_name, args=args, kwargs=kwargs, current_app=current_app)
  File "/Users/bubby/miniconda3/envs/realestate/lib/python3.8/site-packages/django/urls/base.py", line 88, in reverse
    return resolver._reverse_with_prefix(view, prefix, *args, **kwargs)
  File "/Users/bubby/miniconda3/envs/realestate/lib/python3.8/site-packages/django/urls/resolvers.py", line 828, in _reverse_with_prefix
    raise NoReverseMatch(msg)
django.urls.exceptions.NoReverseMatch: Reverse for 'saved_properties' not found. 'saved_properties' is not a valid view function or pattern name.
Internal Server Error: /property-listing/update-description/3/
Traceback (most recent call last):
  File "/Users/bubby/miniconda3/envs/realestate/lib/python3.8/site-packages/django/core/handlers/exception.py", line 55, in inner
    response = get_response(request)
  File "/Users/bubby/miniconda3/envs/realestate/lib/python3.8/site-packages/django/core/handlers/base.py", line 197, in _get_response
    response = wrapped_callback(request, *callback_args, **callback_kwargs)
  File "/Users/bubby/realestate/properties/views.py", line 82, in update_description
    return render(request, 'properties/update_description.html', {'form': form, 'property': property_instance})
  File "/Users/bubby/miniconda3/envs/realestate/lib/python3.8/site-packages/django/shortcuts.py", line 24, in render
    content = loader.render_to_string(template_name, context, request, using=using)
  File "/Users/bubby/miniconda3/envs/realestate/lib/python3.8/site-packages/django/template/loader.py", line 62, in render_to_string
    return template.render(context, request)
  File "/Users/bubby/miniconda3/envs/realestate/lib/python3.8/site-packages/django/template/backends/django.py", line 61, in render
    return self.template.render(context)
  File "/Users/bubby/miniconda3/envs/realestate/lib/python3.8/site-packages/django/template/base.py", line 175, in render
    return self._render(context)
  File "/Users/bubby/miniconda3/envs/realestate/lib/python3.8/site-packages/django/template/base.py", line 167, in _render
    return self.nodelist.render(context)
  File "/Users/bubby/miniconda3/envs/realestate/lib/python3.8/site-packages/django/template/base.py", line 1005, in render
    return SafeString("".join([node.render_annotated(context) for node in self]))
  File "/Users/bubby/miniconda3/envs/realestate/lib/python3.8/site-packages/django/template/base.py", line 1005, in <listcomp>
    return SafeString("".join([node.render_annotated(context) for node in self]))
  File "/Users/bubby/miniconda3/envs/realestate/lib/python3.8/site-packages/django/template/base.py", line 966, in render_annotated
    return self.render(context)
  File "/Users/bubby/miniconda3/envs/realestate/lib/python3.8/site-packages/django/template/loader_tags.py", line 157, in render
    return compiled_parent._render(context)
  File "/Users/bubby/miniconda3/envs/realestate/lib/python3.8/site-packages/django/template/base.py", line 167, in _render
    return self.nodelist.render(context)
  File "/Users/bubby/miniconda3/envs/realestate/lib/python3.8/site-packages/django/template/base.py", line 1005, in render
    return SafeString("".join([node.render_annotated(context) for node in self]))
  File "/Users/bubby/miniconda3/envs/realestate/lib/python3.8/site-packages/django/template/base.py", line 1005, in <listcomp>
    return SafeString("".join([node.render_annotated(context) for node in self]))
  File "/Users/bubby/miniconda3/envs/realestate/lib/python3.8/site-packages/django/template/base.py", line 966, in render_annotated
    return self.render(context)
  File "/Users/bubby/miniconda3/envs/realestate/lib/python3.8/site-packages/django/template/loader_tags.py", line 63, in render
    result = block.nodelist.render(context)
  File "/Users/bubby/miniconda3/envs/realestate/lib/python3.8/site-packages/django/template/base.py", line 1005, in render
    return SafeString("".join([node.render_annotated(context) for node in self]))
  File "/Users/bubby/miniconda3/envs/realestate/lib/python3.8/site-packages/django/template/base.py", line 1005, in <listcomp>
    return SafeString("".join([node.render_annotated(context) for node in self]))
  File "/Users/bubby/miniconda3/envs/realestate/lib/python3.8/site-packages/django/template/base.py", line 966, in render_annotated
    return self.render(context)
  File "/Users/bubby/miniconda3/envs/realestate/lib/python3.8/site-packages/django/template/defaulttags.py", line 471, in render
    url = reverse(view_name, args=args, kwargs=kwargs, current_app=current_app)
  File "/Users/bubby/miniconda3/envs/realestate/lib/python3.8/site-packages/django/urls/base.py", line 88, in reverse
    return resolver._reverse_with_prefix(view, prefix, *args, **kwargs)
  File "/Users/bubby/miniconda3/envs/realestate/lib/python3.8/site-packages/django/urls/resolvers.py", line 828, in _reverse_with_prefix
    raise NoReverseMatch(msg)
django.urls.exceptions.NoReverseMatch: Reverse for 'saved_properties' not found. 'saved_properties' is not a valid view function or pattern name.
/Users/bubby/realestate/properties/views.py changed, reloading.
Watching for file changes with StatReloader
Internal Server Error: /property-listing/update-description/3/
Traceback (most recent call last):
  File "/Users/bubby/miniconda3/envs/realestate/lib/python3.8/site-packages/django/core/handlers/exception.py", line 55, in inner
    response = get_response(request)
  File "/Users/bubby/miniconda3/envs/realestate/lib/python3.8/site-packages/django/core/handlers/base.py", line 197, in _get_response
    response = wrapped_callback(request, *callback_args, **callback_kwargs)
  File "/Users/bubby/realestate/properties/views.py", line 82, in update_description
    return render(request, 'properties/update_description.html', {'form': form, 'property': property_instance})
  File "/Users/bubby/miniconda3/envs/realestate/lib/python3.8/site-packages/django/shortcuts.py", line 24, in render
    content = loader.render_to_string(template_name, context, request, using=using)
  File "/Users/bubby/miniconda3/envs/realestate/lib/python3.8/site-packages/django/template/loader.py", line 62, in render_to_string
    return template.render(context, request)
  File "/Users/bubby/miniconda3/envs/realestate/lib/python3.8/site-packages/django/template/backends/django.py", line 61, in render
    return self.template.render(context)
  File "/Users/bubby/miniconda3/envs/realestate/lib/python3.8/site-packages/django/template/base.py", line 175, in render
    return self._render(context)
  File "/Users/bubby/miniconda3/envs/realestate/lib/python3.8/site-packages/django/template/base.py", line 167, in _render
    return self.nodelist.render(context)
  File "/Users/bubby/miniconda3/envs/realestate/lib/python3.8/site-packages/django/template/base.py", line 1005, in render
    return SafeString("".join([node.render_annotated(context) for node in self]))
  File "/Users/bubby/miniconda3/envs/realestate/lib/python3.8/site-packages/django/template/base.py", line 1005, in <listcomp>
    return SafeString("".join([node.render_annotated(context) for node in self]))
  File "/Users/bubby/miniconda3/envs/realestate/lib/python3.8/site-packages/django/template/base.py", line 966, in render_annotated
    return self.render(context)
  File "/Users/bubby/miniconda3/envs/realestate/lib/python3.8/site-packages/django/template/loader_tags.py", line 157, in render
    return compiled_parent._render(context)
  File "/Users/bubby/miniconda3/envs/realestate/lib/python3.8/site-packages/django/template/base.py", line 167, in _render
    return self.nodelist.render(context)
  File "/Users/bubby/miniconda3/envs/realestate/lib/python3.8/site-packages/django/template/base.py", line 1005, in render
    return SafeString("".join([node.render_annotated(context) for node in self]))
  File "/Users/bubby/miniconda3/envs/realestate/lib/python3.8/site-packages/django/template/base.py", line 1005, in <listcomp>
    return SafeString("".join([node.render_annotated(context) for node in self]))
  File "/Users/bubby/miniconda3/envs/realestate/lib/python3.8/site-packages/django/template/base.py", line 966, in render_annotated
    return self.render(context)
  File "/Users/bubby/miniconda3/envs/realestate/lib/python3.8/site-packages/django/template/loader_tags.py", line 63, in render
    result = block.nodelist.render(context)
  File "/Users/bubby/miniconda3/envs/realestate/lib/python3.8/site-packages/django/template/base.py", line 1005, in render
    return SafeString("".join([node.render_annotated(context) for node in self]))
  File "/Users/bubby/miniconda3/envs/realestate/lib/python3.8/site-packages/django/template/base.py", line 1005, in <listcomp>
    return SafeString("".join([node.render_annotated(context) for node in self]))
  File "/Users/bubby/miniconda3/envs/realestate/lib/python3.8/site-packages/django/template/base.py", line 966, in render_annotated
    return self.render(context)
  File "/Users/bubby/miniconda3/envs/realestate/lib/python3.8/site-packages/django/template/defaulttags.py", line 471, in render
    url = reverse(view_name, args=args, kwargs=kwargs, current_app=current_app)
  File "/Users/bubby/miniconda3/envs/realestate/lib/python3.8/site-packages/django/urls/base.py", line 88, in reverse
    return resolver._reverse_with_prefix(view, prefix, *args, **kwargs)
  File "/Users/bubby/miniconda3/envs/realestate/lib/python3.8/site-packages/django/urls/resolvers.py", line 828, in _reverse_with_prefix
    raise NoReverseMatch(msg)
django.urls.exceptions.NoReverseMatch: Reverse for 'saved_properties' not found. 'saved_properties' is not a valid view function or pattern name.
Internal Server Error: /property-listing/update-description/3/
Traceback (most recent call last):
  File "/Users/bubby/miniconda3/envs/realestate/lib/python3.8/site-packages/django/core/handlers/exception.py", line 55, in inner
    response = get_response(request)
  File "/Users/bubby/miniconda3/envs/realestate/lib/python3.8/site-packages/django/core/handlers/base.py", line 197, in _get_response
    response = wrapped_callback(request, *callback_args, **callback_kwargs)
  File "/Users/bubby/realestate/properties/views.py", line 82, in update_description
    return render(request, 'properties/update_description.html', {'form': form, 'property': property_instance})
  File "/Users/bubby/miniconda3/envs/realestate/lib/python3.8/site-packages/django/shortcuts.py", line 24, in render
    content = loader.render_to_string(template_name, context, request, using=using)
  File "/Users/bubby/miniconda3/envs/realestate/lib/python3.8/site-packages/django/template/loader.py", line 62, in render_to_string
    return template.render(context, request)
  File "/Users/bubby/miniconda3/envs/realestate/lib/python3.8/site-packages/django/template/backends/django.py", line 61, in render
    return self.template.render(context)
  File "/Users/bubby/miniconda3/envs/realestate/lib/python3.8/site-packages/django/template/base.py", line 175, in render
    return self._render(context)
  File "/Users/bubby/miniconda3/envs/realestate/lib/python3.8/site-packages/django/template/base.py", line 167, in _render
    return self.nodelist.render(context)
  File "/Users/bubby/miniconda3/envs/realestate/lib/python3.8/site-packages/django/template/base.py", line 1005, in render
    return SafeString("".join([node.render_annotated(context) for node in self]))
  File "/Users/bubby/miniconda3/envs/realestate/lib/python3.8/site-packages/django/template/base.py", line 1005, in <listcomp>
    return SafeString("".join([node.render_annotated(context) for node in self]))
  File "/Users/bubby/miniconda3/envs/realestate/lib/python3.8/site-packages/django/template/base.py", line 966, in render_annotated
    return self.render(context)
  File "/Users/bubby/miniconda3/envs/realestate/lib/python3.8/site-packages/django/template/loader_tags.py", line 157, in render
    return compiled_parent._render(context)
  File "/Users/bubby/miniconda3/envs/realestate/lib/python3.8/site-packages/django/template/base.py", line 167, in _render
    return self.nodelist.render(context)
  File "/Users/bubby/miniconda3/envs/realestate/lib/python3.8/site-packages/django/template/base.py", line 1005, in render
    return SafeString("".join([node.render_annotated(context) for node in self]))
  File "/Users/bubby/miniconda3/envs/realestate/lib/python3.8/site-packages/django/template/base.py", line 1005, in <listcomp>
    return SafeString("".join([node.render_annotated(context) for node in self]))
  File "/Users/bubby/miniconda3/envs/realestate/lib/python3.8/site-packages/django/template/base.py", line 966, in render_annotated
    return self.render(context)
  File "/Users/bubby/miniconda3/envs/realestate/lib/python3.8/site-packages/django/template/loader_tags.py", line 63, in render
    result = block.nodelist.render(context)
  File "/Users/bubby/miniconda3/envs/realestate/lib/python3.8/site-packages/django/template/base.py", line 1005, in render
    return SafeString("".join([node.render_annotated(context) for node in self]))
  File "/Users/bubby/miniconda3/envs/realestate/lib/python3.8/site-packages/django/template/base.py", line 1005, in <listcomp>
    return SafeString("".join([node.render_annotated(context) for node in self]))
  File "/Users/bubby/miniconda3/envs/realestate/lib/python3.8/site-packages/django/template/base.py", line 966, in render_annotated
    return self.render(context)
  File "/Users/bubby/miniconda3/envs/realestate/lib/python3.8/site-packages/django/template/defaulttags.py", line 471, in render
    url = reverse(view_name, args=args, kwargs=kwargs, current_app=current_app)
  File "/Users/bubby/miniconda3/envs/realestate/lib/python3.8/site-packages/django/urls/base.py", line 88, in reverse
    return resolver._reverse_with_prefix(view, prefix, *args, **kwargs)
  File "/Users/bubby/miniconda3/envs/realestate/lib/python3.8/site-packages/django/urls/resolvers.py", line 828, in _reverse_with_prefix
    raise NoReverseMatch(msg)
django.urls.exceptions.NoReverseMatch: Reverse for 'saved_properties' not found. 'saved_properties' is not a valid view function or pattern name.
Internal Server Error: /property-listing/update-description/3/
Traceback (most recent call last):
  File "/Users/bubby/miniconda3/envs/realestate/lib/python3.8/site-packages/django/urls/base.py", line 71, in reverse
    extra, resolver = resolver.namespace_dict[ns]
KeyError: 'properties'

During handling of the above exception, another exception occurred:

Traceback (most recent call last):
  File "/Users/bubby/miniconda3/envs/realestate/lib/python3.8/site-packages/django/core/handlers/exception.py", line 55, in inner
    response = get_response(request)
  File "/Users/bubby/miniconda3/envs/realestate/lib/python3.8/site-packages/django/core/handlers/base.py", line 197, in _get_response
    response = wrapped_callback(request, *callback_args, **callback_kwargs)
  File "/Users/bubby/realestate/properties/views.py", line 82, in update_description
    return render(request, 'properties/update_description.html', {'form': form, 'property': property_instance})
  File "/Users/bubby/miniconda3/envs/realestate/lib/python3.8/site-packages/django/shortcuts.py", line 24, in render
    content = loader.render_to_string(template_name, context, request, using=using)
  File "/Users/bubby/miniconda3/envs/realestate/lib/python3.8/site-packages/django/template/loader.py", line 62, in render_to_string
    return template.render(context, request)
  File "/Users/bubby/miniconda3/envs/realestate/lib/python3.8/site-packages/django/template/backends/django.py", line 61, in render
    return self.template.render(context)
  File "/Users/bubby/miniconda3/envs/realestate/lib/python3.8/site-packages/django/template/base.py", line 175, in render
    return self._render(context)
  File "/Users/bubby/miniconda3/envs/realestate/lib/python3.8/site-packages/django/template/base.py", line 167, in _render
    return self.nodelist.render(context)
  File "/Users/bubby/miniconda3/envs/realestate/lib/python3.8/site-packages/django/template/base.py", line 1005, in render
    return SafeString("".join([node.render_annotated(context) for node in self]))
  File "/Users/bubby/miniconda3/envs/realestate/lib/python3.8/site-packages/django/template/base.py", line 1005, in <listcomp>
    return SafeString("".join([node.render_annotated(context) for node in self]))
  File "/Users/bubby/miniconda3/envs/realestate/lib/python3.8/site-packages/django/template/base.py", line 966, in render_annotated
    return self.render(context)
  File "/Users/bubby/miniconda3/envs/realestate/lib/python3.8/site-packages/django/template/loader_tags.py", line 157, in render
    return compiled_parent._render(context)
  File "/Users/bubby/miniconda3/envs/realestate/lib/python3.8/site-packages/django/template/base.py", line 167, in _render
    return self.nodelist.render(context)
  File "/Users/bubby/miniconda3/envs/realestate/lib/python3.8/site-packages/django/template/base.py", line 1005, in render
    return SafeString("".join([node.render_annotated(context) for node in self]))
  File "/Users/bubby/miniconda3/envs/realestate/lib/python3.8/site-packages/django/template/base.py", line 1005, in <listcomp>
    return SafeString("".join([node.render_annotated(context) for node in self]))
  File "/Users/bubby/miniconda3/envs/realestate/lib/python3.8/site-packages/django/template/base.py", line 966, in render_annotated
    return self.render(context)
  File "/Users/bubby/miniconda3/envs/realestate/lib/python3.8/site-packages/django/template/loader_tags.py", line 63, in render
    result = block.nodelist.render(context)
  File "/Users/bubby/miniconda3/envs/realestate/lib/python3.8/site-packages/django/template/base.py", line 1005, in render
    return SafeString("".join([node.render_annotated(context) for node in self]))
  File "/Users/bubby/miniconda3/envs/realestate/lib/python3.8/site-packages/django/template/base.py", line 1005, in <listcomp>
    return SafeString("".join([node.render_annotated(context) for node in self]))
  File "/Users/bubby/miniconda3/envs/realestate/lib/python3.8/site-packages/django/template/base.py", line 966, in render_annotated
    return self.render(context)
  File "/Users/bubby/miniconda3/envs/realestate/lib/python3.8/site-packages/django/template/defaulttags.py", line 471, in render
    url = reverse(view_name, args=args, kwargs=kwargs, current_app=current_app)
  File "/Users/bubby/miniconda3/envs/realestate/lib/python3.8/site-packages/django/urls/base.py", line 82, in reverse
    raise NoReverseMatch("%s is not a registered namespace" % key)
django.urls.exceptions.NoReverseMatch: 'properties' is not a registered namespace
/Users/bubby/realestate/properties/views.py changed, reloading.
Watching for file changes with StatReloader
Internal Server Error: /property-listing/update-description/4/
Traceback (most recent call last):
  File "/Users/bubby/miniconda3/envs/realestate/lib/python3.8/site-packages/django/core/handlers/exception.py", line 55, in inner
    response = get_response(request)
  File "/Users/bubby/miniconda3/envs/realestate/lib/python3.8/site-packages/django/core/handlers/base.py", line 197, in _get_response
    response = wrapped_callback(request, *callback_args, **callback_kwargs)
  File "/Users/bubby/realestate/properties/views.py", line 82, in update_description
    return render(request, 'properties/update_description.html', {'form': form, 'property': property_instance})
  File "/Users/bubby/miniconda3/envs/realestate/lib/python3.8/site-packages/django/shortcuts.py", line 24, in render
    content = loader.render_to_string(template_name, context, request, using=using)
  File "/Users/bubby/miniconda3/envs/realestate/lib/python3.8/site-packages/django/template/loader.py", line 62, in render_to_string
    return template.render(context, request)
  File "/Users/bubby/miniconda3/envs/realestate/lib/python3.8/site-packages/django/template/backends/django.py", line 61, in render
    return self.template.render(context)
  File "/Users/bubby/miniconda3/envs/realestate/lib/python3.8/site-packages/django/template/base.py", line 175, in render
    return self._render(context)
  File "/Users/bubby/miniconda3/envs/realestate/lib/python3.8/site-packages/django/template/base.py", line 167, in _render
    return self.nodelist.render(context)
  File "/Users/bubby/miniconda3/envs/realestate/lib/python3.8/site-packages/django/template/base.py", line 1005, in render
    return SafeString("".join([node.render_annotated(context) for node in self]))
  File "/Users/bubby/miniconda3/envs/realestate/lib/python3.8/site-packages/django/template/base.py", line 1005, in <listcomp>
    return SafeString("".join([node.render_annotated(context) for node in self]))
  File "/Users/bubby/miniconda3/envs/realestate/lib/python3.8/site-packages/django/template/base.py", line 966, in render_annotated
    return self.render(context)
  File "/Users/bubby/miniconda3/envs/realestate/lib/python3.8/site-packages/django/template/loader_tags.py", line 157, in render
    return compiled_parent._render(context)
  File "/Users/bubby/miniconda3/envs/realestate/lib/python3.8/site-packages/django/template/base.py", line 167, in _render
    return self.nodelist.render(context)
  File "/Users/bubby/miniconda3/envs/realestate/lib/python3.8/site-packages/django/template/base.py", line 1005, in render
    return SafeString("".join([node.render_annotated(context) for node in self]))
  File "/Users/bubby/miniconda3/envs/realestate/lib/python3.8/site-packages/django/template/base.py", line 1005, in <listcomp>
    return SafeString("".join([node.render_annotated(context) for node in self]))
  File "/Users/bubby/miniconda3/envs/realestate/lib/python3.8/site-packages/django/template/base.py", line 966, in render_annotated
    return self.render(context)
  File "/Users/bubby/miniconda3/envs/realestate/lib/python3.8/site-packages/django/template/loader_tags.py", line 63, in render
    result = block.nodelist.render(context)
  File "/Users/bubby/miniconda3/envs/realestate/lib/python3.8/site-packages/django/template/base.py", line 1005, in render
    return SafeString("".join([node.render_annotated(context) for node in self]))
  File "/Users/bubby/miniconda3/envs/realestate/lib/python3.8/site-packages/django/template/base.py", line 1005, in <listcomp>
    return SafeString("".join([node.render_annotated(context) for node in self]))
  File "/Users/bubby/miniconda3/envs/realestate/lib/python3.8/site-packages/django/template/base.py", line 966, in render_annotated
    return self.render(context)
  File "/Users/bubby/miniconda3/envs/realestate/lib/python3.8/site-packages/django/template/defaulttags.py", line 471, in render
    url = reverse(view_name, args=args, kwargs=kwargs, current_app=current_app)
  File "/Users/bubby/miniconda3/envs/realestate/lib/python3.8/site-packages/django/urls/base.py", line 88, in reverse
    return resolver._reverse_with_prefix(view, prefix, *args, **kwargs)
  File "/Users/bubby/miniconda3/envs/realestate/lib/python3.8/site-packages/django/urls/resolvers.py", line 828, in _reverse_with_prefix
    raise NoReverseMatch(msg)
django.urls.exceptions.NoReverseMatch: Reverse for 'saved_properties' not found. 'saved_properties' is not a valid view function or pattern name.
Internal Server Error: /property-listing/update-description/4/
Traceback (most recent call last):
  File "/Users/bubby/miniconda3/envs/realestate/lib/python3.8/site-packages/django/core/handlers/exception.py", line 55, in inner
    response = get_response(request)
  File "/Users/bubby/miniconda3/envs/realestate/lib/python3.8/site-packages/django/core/handlers/base.py", line 197, in _get_response
    response = wrapped_callback(request, *callback_args, **callback_kwargs)
  File "/Users/bubby/realestate/properties/views.py", line 82, in update_description
    return render(request, 'properties/update_description.html', {'form': form, 'property': property_instance})
  File "/Users/bubby/miniconda3/envs/realestate/lib/python3.8/site-packages/django/shortcuts.py", line 24, in render
    content = loader.render_to_string(template_name, context, request, using=using)
  File "/Users/bubby/miniconda3/envs/realestate/lib/python3.8/site-packages/django/template/loader.py", line 62, in render_to_string
    return template.render(context, request)
  File "/Users/bubby/miniconda3/envs/realestate/lib/python3.8/site-packages/django/template/backends/django.py", line 61, in render
    return self.template.render(context)
  File "/Users/bubby/miniconda3/envs/realestate/lib/python3.8/site-packages/django/template/base.py", line 175, in render
    return self._render(context)
  File "/Users/bubby/miniconda3/envs/realestate/lib/python3.8/site-packages/django/template/base.py", line 167, in _render
    return self.nodelist.render(context)
  File "/Users/bubby/miniconda3/envs/realestate/lib/python3.8/site-packages/django/template/base.py", line 1005, in render
    return SafeString("".join([node.render_annotated(context) for node in self]))
  File "/Users/bubby/miniconda3/envs/realestate/lib/python3.8/site-packages/django/template/base.py", line 1005, in <listcomp>
    return SafeString("".join([node.render_annotated(context) for node in self]))
  File "/Users/bubby/miniconda3/envs/realestate/lib/python3.8/site-packages/django/template/base.py", line 966, in render_annotated
    return self.render(context)
  File "/Users/bubby/miniconda3/envs/realestate/lib/python3.8/site-packages/django/template/loader_tags.py", line 157, in render
    return compiled_parent._render(context)
  File "/Users/bubby/miniconda3/envs/realestate/lib/python3.8/site-packages/django/template/base.py", line 167, in _render
    return self.nodelist.render(context)
  File "/Users/bubby/miniconda3/envs/realestate/lib/python3.8/site-packages/django/template/base.py", line 1005, in render
    return SafeString("".join([node.render_annotated(context) for node in self]))
  File "/Users/bubby/miniconda3/envs/realestate/lib/python3.8/site-packages/django/template/base.py", line 1005, in <listcomp>
    return SafeString("".join([node.render_annotated(context) for node in self]))
  File "/Users/bubby/miniconda3/envs/realestate/lib/python3.8/site-packages/django/template/base.py", line 966, in render_annotated
    return self.render(context)
  File "/Users/bubby/miniconda3/envs/realestate/lib/python3.8/site-packages/django/template/loader_tags.py", line 63, in render
    result = block.nodelist.render(context)
  File "/Users/bubby/miniconda3/envs/realestate/lib/python3.8/site-packages/django/template/base.py", line 1005, in render
    return SafeString("".join([node.render_annotated(context) for node in self]))
  File "/Users/bubby/miniconda3/envs/realestate/lib/python3.8/site-packages/django/template/base.py", line 1005, in <listcomp>
    return SafeString("".join([node.render_annotated(context) for node in self]))
  File "/Users/bubby/miniconda3/envs/realestate/lib/python3.8/site-packages/django/template/base.py", line 966, in render_annotated
    return self.render(context)
  File "/Users/bubby/miniconda3/envs/realestate/lib/python3.8/site-packages/django/template/defaulttags.py", line 471, in render
    url = reverse(view_name, args=args, kwargs=kwargs, current_app=current_app)
  File "/Users/bubby/miniconda3/envs/realestate/lib/python3.8/site-packages/django/urls/base.py", line 88, in reverse
    return resolver._reverse_with_prefix(view, prefix, *args, **kwargs)
  File "/Users/bubby/miniconda3/envs/realestate/lib/python3.8/site-packages/django/urls/resolvers.py", line 828, in _reverse_with_prefix
    raise NoReverseMatch(msg)
django.urls.exceptions.NoReverseMatch: Reverse for 'saved_properties' not found. 'saved_properties' is not a valid view function or pattern name.
/Users/bubby/realestate/properties/forms.py changed, reloading.
Watching for file changes with StatReloader
/Users/bubby/realestate/properties/views.py changed, reloading.
Watching for file changes with StatReloader
Internal Server Error: /property-listing/update-description/4/
Traceback (most recent call last):
  File "/Users/bubby/miniconda3/envs/realestate/lib/python3.8/site-packages/django/core/handlers/exception.py", line 55, in inner
    response = get_response(request)
  File "/Users/bubby/miniconda3/envs/realestate/lib/python3.8/site-packages/django/core/handlers/base.py", line 197, in _get_response
    response = wrapped_callback(request, *callback_args, **callback_kwargs)
TypeError: update_description() got an unexpected keyword argument 'property_id'
/Users/bubby/realestate/properties/urls.py changed, reloading.
Watching for file changes with StatReloader
Not Found: /property-listing/update-description/4/
/Users/bubby/realestate/properties/views.py changed, reloading.
Watching for file changes with StatReloader
Internal Server Error: /property-listing/update-description/3/
Traceback (most recent call last):
  File "/Users/bubby/miniconda3/envs/realestate/lib/python3.8/site-packages/django/core/handlers/exception.py", line 55, in inner
    response = get_response(request)
  File "/Users/bubby/miniconda3/envs/realestate/lib/python3.8/site-packages/django/core/handlers/base.py", line 197, in _get_response
    response = wrapped_callback(request, *callback_args, **callback_kwargs)
  File "/Users/bubby/realestate/properties/views.py", line 82, in update_description
    return render(request, 'properties/update_description.html', {'form': form, 'property': property_instance})
  File "/Users/bubby/miniconda3/envs/realestate/lib/python3.8/site-packages/django/shortcuts.py", line 24, in render
    content = loader.render_to_string(template_name, context, request, using=using)
  File "/Users/bubby/miniconda3/envs/realestate/lib/python3.8/site-packages/django/template/loader.py", line 62, in render_to_string
    return template.render(context, request)
  File "/Users/bubby/miniconda3/envs/realestate/lib/python3.8/site-packages/django/template/backends/django.py", line 61, in render
    return self.template.render(context)
  File "/Users/bubby/miniconda3/envs/realestate/lib/python3.8/site-packages/django/template/base.py", line 175, in render
    return self._render(context)
  File "/Users/bubby/miniconda3/envs/realestate/lib/python3.8/site-packages/django/template/base.py", line 167, in _render
    return self.nodelist.render(context)
  File "/Users/bubby/miniconda3/envs/realestate/lib/python3.8/site-packages/django/template/base.py", line 1005, in render
    return SafeString("".join([node.render_annotated(context) for node in self]))
  File "/Users/bubby/miniconda3/envs/realestate/lib/python3.8/site-packages/django/template/base.py", line 1005, in <listcomp>
    return SafeString("".join([node.render_annotated(context) for node in self]))
  File "/Users/bubby/miniconda3/envs/realestate/lib/python3.8/site-packages/django/template/base.py", line 966, in render_annotated
    return self.render(context)
  File "/Users/bubby/miniconda3/envs/realestate/lib/python3.8/site-packages/django/template/loader_tags.py", line 157, in render
    return compiled_parent._render(context)
  File "/Users/bubby/miniconda3/envs/realestate/lib/python3.8/site-packages/django/template/base.py", line 167, in _render
    return self.nodelist.render(context)
  File "/Users/bubby/miniconda3/envs/realestate/lib/python3.8/site-packages/django/template/base.py", line 1005, in render
    return SafeString("".join([node.render_annotated(context) for node in self]))
  File "/Users/bubby/miniconda3/envs/realestate/lib/python3.8/site-packages/django/template/base.py", line 1005, in <listcomp>
    return SafeString("".join([node.render_annotated(context) for node in self]))
  File "/Users/bubby/miniconda3/envs/realestate/lib/python3.8/site-packages/django/template/base.py", line 966, in render_annotated
    return self.render(context)
  File "/Users/bubby/miniconda3/envs/realestate/lib/python3.8/site-packages/django/template/loader_tags.py", line 63, in render
    result = block.nodelist.render(context)
  File "/Users/bubby/miniconda3/envs/realestate/lib/python3.8/site-packages/django/template/base.py", line 1005, in render
    return SafeString("".join([node.render_annotated(context) for node in self]))
  File "/Users/bubby/miniconda3/envs/realestate/lib/python3.8/site-packages/django/template/base.py", line 1005, in <listcomp>
    return SafeString("".join([node.render_annotated(context) for node in self]))
  File "/Users/bubby/miniconda3/envs/realestate/lib/python3.8/site-packages/django/template/base.py", line 966, in render_annotated
    return self.render(context)
  File "/Users/bubby/miniconda3/envs/realestate/lib/python3.8/site-packages/django/template/defaulttags.py", line 471, in render
    url = reverse(view_name, args=args, kwargs=kwargs, current_app=current_app)
  File "/Users/bubby/miniconda3/envs/realestate/lib/python3.8/site-packages/django/urls/base.py", line 88, in reverse
    return resolver._reverse_with_prefix(view, prefix, *args, **kwargs)
  File "/Users/bubby/miniconda3/envs/realestate/lib/python3.8/site-packages/django/urls/resolvers.py", line 828, in _reverse_with_prefix
    raise NoReverseMatch(msg)
django.urls.exceptions.NoReverseMatch: Reverse for 'saved_properties' not found. 'saved_properties' is not a valid view function or pattern name.
/Users/bubby/realestate/properties/views.py changed, reloading.
Watching for file changes with StatReloader
Watching for file changes with StatReloader
Internal Server Error: /property-listing/update-description/3/
Traceback (most recent call last):
  File "/Users/bubby/miniconda3/envs/realestate/lib/python3.8/site-packages/django/core/handlers/exception.py", line 55, in inner
    response = get_response(request)
  File "/Users/bubby/miniconda3/envs/realestate/lib/python3.8/site-packages/django/core/handlers/base.py", line 197, in _get_response
    response = wrapped_callback(request, *callback_args, **callback_kwargs)
  File "/Users/bubby/realestate/properties/views.py", line 83, in update_description
    return render(request, 'properties/update_description.html', {'form': form, 'property': property_instance})
  File "/Users/bubby/miniconda3/envs/realestate/lib/python3.8/site-packages/django/shortcuts.py", line 24, in render
    content = loader.render_to_string(template_name, context, request, using=using)
  File "/Users/bubby/miniconda3/envs/realestate/lib/python3.8/site-packages/django/template/loader.py", line 62, in render_to_string
    return template.render(context, request)
  File "/Users/bubby/miniconda3/envs/realestate/lib/python3.8/site-packages/django/template/backends/django.py", line 61, in render
    return self.template.render(context)
  File "/Users/bubby/miniconda3/envs/realestate/lib/python3.8/site-packages/django/template/base.py", line 175, in render
    return self._render(context)
  File "/Users/bubby/miniconda3/envs/realestate/lib/python3.8/site-packages/django/template/base.py", line 167, in _render
    return self.nodelist.render(context)
  File "/Users/bubby/miniconda3/envs/realestate/lib/python3.8/site-packages/django/template/base.py", line 1005, in render
    return SafeString("".join([node.render_annotated(context) for node in self]))
  File "/Users/bubby/miniconda3/envs/realestate/lib/python3.8/site-packages/django/template/base.py", line 1005, in <listcomp>
    return SafeString("".join([node.render_annotated(context) for node in self]))
  File "/Users/bubby/miniconda3/envs/realestate/lib/python3.8/site-packages/django/template/base.py", line 966, in render_annotated
    return self.render(context)
  File "/Users/bubby/miniconda3/envs/realestate/lib/python3.8/site-packages/django/template/loader_tags.py", line 157, in render
    return compiled_parent._render(context)
  File "/Users/bubby/miniconda3/envs/realestate/lib/python3.8/site-packages/django/template/base.py", line 167, in _render
    return self.nodelist.render(context)
  File "/Users/bubby/miniconda3/envs/realestate/lib/python3.8/site-packages/django/template/base.py", line 1005, in render
    return SafeString("".join([node.render_annotated(context) for node in self]))
  File "/Users/bubby/miniconda3/envs/realestate/lib/python3.8/site-packages/django/template/base.py", line 1005, in <listcomp>
    return SafeString("".join([node.render_annotated(context) for node in self]))
  File "/Users/bubby/miniconda3/envs/realestate/lib/python3.8/site-packages/django/template/base.py", line 966, in render_annotated
    return self.render(context)
  File "/Users/bubby/miniconda3/envs/realestate/lib/python3.8/site-packages/django/template/loader_tags.py", line 63, in render
    result = block.nodelist.render(context)
  File "/Users/bubby/miniconda3/envs/realestate/lib/python3.8/site-packages/django/template/base.py", line 1005, in render
    return SafeString("".join([node.render_annotated(context) for node in self]))
  File "/Users/bubby/miniconda3/envs/realestate/lib/python3.8/site-packages/django/template/base.py", line 1005, in <listcomp>
    return SafeString("".join([node.render_annotated(context) for node in self]))
  File "/Users/bubby/miniconda3/envs/realestate/lib/python3.8/site-packages/django/template/base.py", line 966, in render_annotated
    return self.render(context)
  File "/Users/bubby/miniconda3/envs/realestate/lib/python3.8/site-packages/django/template/defaulttags.py", line 471, in render
    url = reverse(view_name, args=args, kwargs=kwargs, current_app=current_app)
  File "/Users/bubby/miniconda3/envs/realestate/lib/python3.8/site-packages/django/urls/base.py", line 88, in reverse
    return resolver._reverse_with_prefix(view, prefix, *args, **kwargs)
  File "/Users/bubby/miniconda3/envs/realestate/lib/python3.8/site-packages/django/urls/resolvers.py", line 828, in _reverse_with_prefix
    raise NoReverseMatch(msg)
django.urls.exceptions.NoReverseMatch: Reverse for 'saved_properties' not found. 'saved_properties' is not a valid view function or pattern name.
/Users/bubby/realestate/properties/views.py changed, reloading.
Watching for file changes with StatReloader
/Users/bubby/realestate/properties/views.py changed, reloading.
Watching for file changes with StatReloader
/Users/bubby/realestate/properties/forms.py changed, reloading.
Watching for file changes with StatReloader
Internal Server Error: /property-listing/update-description/2/
Traceback (most recent call last):
  File "/Users/bubby/miniconda3/envs/realestate/lib/python3.8/site-packages/django/core/handlers/exception.py", line 55, in inner
    response = get_response(request)
  File "/Users/bubby/miniconda3/envs/realestate/lib/python3.8/site-packages/django/core/handlers/base.py", line 197, in _get_response
    response = wrapped_callback(request, *callback_args, **callback_kwargs)
  File "/Users/bubby/realestate/properties/views.py", line 78, in update_description
    return redirect('saved_properties')  # Ensure the name matches the URL pattern
  File "/Users/bubby/miniconda3/envs/realestate/lib/python3.8/site-packages/django/shortcuts.py", line 48, in redirect
    return redirect_class(resolve_url(to, *args, **kwargs))
  File "/Users/bubby/miniconda3/envs/realestate/lib/python3.8/site-packages/django/shortcuts.py", line 145, in resolve_url
    return reverse(to, args=args, kwargs=kwargs)
  File "/Users/bubby/miniconda3/envs/realestate/lib/python3.8/site-packages/django/urls/base.py", line 88, in reverse
    return resolver._reverse_with_prefix(view, prefix, *args, **kwargs)
  File "/Users/bubby/miniconda3/envs/realestate/lib/python3.8/site-packages/django/urls/resolvers.py", line 828, in _reverse_with_prefix
    raise NoReverseMatch(msg)
django.urls.exceptions.NoReverseMatch: Reverse for 'saved_properties' not found. 'saved_properties' is not a valid view function or pattern name.
Internal Server Error: /property-listing/update-description/2/
Traceback (most recent call last):
  File "/Users/bubby/miniconda3/envs/realestate/lib/python3.8/site-packages/django/core/handlers/exception.py", line 55, in inner
    response = get_response(request)
  File "/Users/bubby/miniconda3/envs/realestate/lib/python3.8/site-packages/django/core/handlers/base.py", line 197, in _get_response
    response = wrapped_callback(request, *callback_args, **callback_kwargs)
  File "/Users/bubby/realestate/properties/views.py", line 78, in update_description
    return redirect('saved_properties')  # Ensure the name matches the URL pattern
  File "/Users/bubby/miniconda3/envs/realestate/lib/python3.8/site-packages/django/shortcuts.py", line 48, in redirect
    return redirect_class(resolve_url(to, *args, **kwargs))
  File "/Users/bubby/miniconda3/envs/realestate/lib/python3.8/site-packages/django/shortcuts.py", line 145, in resolve_url
    return reverse(to, args=args, kwargs=kwargs)
  File "/Users/bubby/miniconda3/envs/realestate/lib/python3.8/site-packages/django/urls/base.py", line 88, in reverse
    return resolver._reverse_with_prefix(view, prefix, *args, **kwargs)
  File "/Users/bubby/miniconda3/envs/realestate/lib/python3.8/site-packages/django/urls/resolvers.py", line 828, in _reverse_with_prefix
    raise NoReverseMatch(msg)
django.urls.exceptions.NoReverseMatch: Reverse for 'saved_properties' not found. 'saved_properties' is not a valid view function or pattern name.
Internal Server Error: /property-listing/update-description/2/
Traceback (most recent call last):
  File "/Users/bubby/miniconda3/envs/realestate/lib/python3.8/site-packages/django/core/handlers/exception.py", line 55, in inner
    response = get_response(request)
  File "/Users/bubby/miniconda3/envs/realestate/lib/python3.8/site-packages/django/core/handlers/base.py", line 197, in _get_response
    response = wrapped_callback(request, *callback_args, **callback_kwargs)
  File "/Users/bubby/realestate/properties/views.py", line 78, in update_description
    return redirect('saved_properties')  # Ensure the name matches the URL pattern
  File "/Users/bubby/miniconda3/envs/realestate/lib/python3.8/site-packages/django/shortcuts.py", line 48, in redirect
    return redirect_class(resolve_url(to, *args, **kwargs))
  File "/Users/bubby/miniconda3/envs/realestate/lib/python3.8/site-packages/django/shortcuts.py", line 145, in resolve_url
    return reverse(to, args=args, kwargs=kwargs)
  File "/Users/bubby/miniconda3/envs/realestate/lib/python3.8/site-packages/django/urls/base.py", line 88, in reverse
    return resolver._reverse_with_prefix(view, prefix, *args, **kwargs)
  File "/Users/bubby/miniconda3/envs/realestate/lib/python3.8/site-packages/django/urls/resolvers.py", line 828, in _reverse_with_prefix
    raise NoReverseMatch(msg)
django.urls.exceptions.NoReverseMatch: Reverse for 'saved_properties' not found. 'saved_properties' is not a valid view function or pattern name.
/Users/bubby/realestate/properties/views.py changed, reloading.
Watching for file changes with StatReloader
/Users/bubby/realestate/properties/views.py changed, reloading.
Watching for file changes with StatReloader
Watching for file changes with StatReloader
/Users/bubby/realestate/properties/views.py changed, reloading.
Watching for file changes with StatReloader
/Users/bubby/realestate/properties/urls.py changed, reloading.
Watching for file changes with StatReloader
Internal Server Error: /property-listing/remove-property/2/
Traceback (most recent call last):
  File "/Users/bubby/miniconda3/envs/realestate/lib/python3.8/site-packages/django/core/handlers/exception.py", line 55, in inner
    response = get_response(request)
  File "/Users/bubby/miniconda3/envs/realestate/lib/python3.8/site-packages/django/core/handlers/base.py", line 197, in _get_response
    response = wrapped_callback(request, *callback_args, **callback_kwargs)
  File "/Users/bubby/realestate/properties/views.py", line 96, in remove_property
    return redirect('saved_properties')
  File "/Users/bubby/miniconda3/envs/realestate/lib/python3.8/site-packages/django/shortcuts.py", line 48, in redirect
    return redirect_class(resolve_url(to, *args, **kwargs))
  File "/Users/bubby/miniconda3/envs/realestate/lib/python3.8/site-packages/django/shortcuts.py", line 145, in resolve_url
    return reverse(to, args=args, kwargs=kwargs)
  File "/Users/bubby/miniconda3/envs/realestate/lib/python3.8/site-packages/django/urls/base.py", line 88, in reverse
    return resolver._reverse_with_prefix(view, prefix, *args, **kwargs)
  File "/Users/bubby/miniconda3/envs/realestate/lib/python3.8/site-packages/django/urls/resolvers.py", line 828, in _reverse_with_prefix
    raise NoReverseMatch(msg)
django.urls.exceptions.NoReverseMatch: Reverse for 'saved_properties' not found. 'saved_properties' is not a valid view function or pattern name.
/Users/bubby/realestate/properties/views.py changed, reloading.
Watching for file changes with StatReloader
Internal Server Error: /property-listing/remove-property/2/
Traceback (most recent call last):
  File "/Users/bubby/miniconda3/envs/realestate/lib/python3.8/site-packages/django/core/handlers/exception.py", line 55, in inner
    response = get_response(request)
  File "/Users/bubby/miniconda3/envs/realestate/lib/python3.8/site-packages/django/core/handlers/base.py", line 197, in _get_response
    response = wrapped_callback(request, *callback_args, **callback_kwargs)
  File "/Users/bubby/realestate/properties/views.py", line 92, in remove_property
    property_instance = Property.objects.get(id=property_id)
  File "/Users/bubby/miniconda3/envs/realestate/lib/python3.8/site-packages/django/db/models/manager.py", line 87, in manager_method
    return getattr(self.get_queryset(), name)(*args, **kwargs)
  File "/Users/bubby/miniconda3/envs/realestate/lib/python3.8/site-packages/django/db/models/query.py", line 637, in get
    raise self.model.DoesNotExist(
properties.models.Property.DoesNotExist: Property matching query does not exist.
/Users/bubby/realestate/properties/views.py changed, reloading.
Watching for file changes with StatReloader
/Users/bubby/realestate/properties/urls.py changed, reloading.
Watching for file changes with StatReloader
Internal Server Error: /property-listing/saved-properties/
Traceback (most recent call last):
  File "/Users/bubby/miniconda3/envs/realestate/lib/python3.8/site-packages/django/core/handlers/exception.py", line 55, in inner
    response = get_response(request)
  File "/Users/bubby/miniconda3/envs/realestate/lib/python3.8/site-packages/django/core/handlers/base.py", line 197, in _get_response
    response = wrapped_callback(request, *callback_args, **callback_kwargs)
  File "/Users/bubby/realestate/properties/views.py", line 63, in saved_properties
    return render(request, 'properties/saved_properties.html', {'saved_properties': saved_properties})
  File "/Users/bubby/miniconda3/envs/realestate/lib/python3.8/site-packages/django/shortcuts.py", line 24, in render
    content = loader.render_to_string(template_name, context, request, using=using)
  File "/Users/bubby/miniconda3/envs/realestate/lib/python3.8/site-packages/django/template/loader.py", line 62, in render_to_string
    return template.render(context, request)
  File "/Users/bubby/miniconda3/envs/realestate/lib/python3.8/site-packages/django/template/backends/django.py", line 61, in render
    return self.template.render(context)
  File "/Users/bubby/miniconda3/envs/realestate/lib/python3.8/site-packages/django/template/base.py", line 175, in render
    return self._render(context)
  File "/Users/bubby/miniconda3/envs/realestate/lib/python3.8/site-packages/django/template/base.py", line 167, in _render
    return self.nodelist.render(context)
  File "/Users/bubby/miniconda3/envs/realestate/lib/python3.8/site-packages/django/template/base.py", line 1005, in render
    return SafeString("".join([node.render_annotated(context) for node in self]))
  File "/Users/bubby/miniconda3/envs/realestate/lib/python3.8/site-packages/django/template/base.py", line 1005, in <listcomp>
    return SafeString("".join([node.render_annotated(context) for node in self]))
  File "/Users/bubby/miniconda3/envs/realestate/lib/python3.8/site-packages/django/template/base.py", line 966, in render_annotated
    return self.render(context)
  File "/Users/bubby/miniconda3/envs/realestate/lib/python3.8/site-packages/django/template/loader_tags.py", line 157, in render
    return compiled_parent._render(context)
  File "/Users/bubby/miniconda3/envs/realestate/lib/python3.8/site-packages/django/template/base.py", line 167, in _render
    return self.nodelist.render(context)
  File "/Users/bubby/miniconda3/envs/realestate/lib/python3.8/site-packages/django/template/base.py", line 1005, in render
    return SafeString("".join([node.render_annotated(context) for node in self]))
  File "/Users/bubby/miniconda3/envs/realestate/lib/python3.8/site-packages/django/template/base.py", line 1005, in <listcomp>
    return SafeString("".join([node.render_annotated(context) for node in self]))
  File "/Users/bubby/miniconda3/envs/realestate/lib/python3.8/site-packages/django/template/base.py", line 966, in render_annotated
    return self.render(context)
  File "/Users/bubby/miniconda3/envs/realestate/lib/python3.8/site-packages/django/template/loader_tags.py", line 63, in render
    result = block.nodelist.render(context)
  File "/Users/bubby/miniconda3/envs/realestate/lib/python3.8/site-packages/django/template/base.py", line 1005, in render
    return SafeString("".join([node.render_annotated(context) for node in self]))
  File "/Users/bubby/miniconda3/envs/realestate/lib/python3.8/site-packages/django/template/base.py", line 1005, in <listcomp>
    return SafeString("".join([node.render_annotated(context) for node in self]))
  File "/Users/bubby/miniconda3/envs/realestate/lib/python3.8/site-packages/django/template/base.py", line 966, in render_annotated
    return self.render(context)
  File "/Users/bubby/miniconda3/envs/realestate/lib/python3.8/site-packages/django/template/defaulttags.py", line 321, in render
    return nodelist.render(context)
  File "/Users/bubby/miniconda3/envs/realestate/lib/python3.8/site-packages/django/template/base.py", line 1005, in render
    return SafeString("".join([node.render_annotated(context) for node in self]))
  File "/Users/bubby/miniconda3/envs/realestate/lib/python3.8/site-packages/django/template/base.py", line 1005, in <listcomp>
    return SafeString("".join([node.render_annotated(context) for node in self]))
  File "/Users/bubby/miniconda3/envs/realestate/lib/python3.8/site-packages/django/template/base.py", line 966, in render_annotated
    return self.render(context)
  File "/Users/bubby/miniconda3/envs/realestate/lib/python3.8/site-packages/django/template/defaulttags.py", line 238, in render
    nodelist.append(node.render_annotated(context))
  File "/Users/bubby/miniconda3/envs/realestate/lib/python3.8/site-packages/django/template/base.py", line 966, in render_annotated
    return self.render(context)
  File "/Users/bubby/miniconda3/envs/realestate/lib/python3.8/site-packages/django/template/defaulttags.py", line 471, in render
    url = reverse(view_name, args=args, kwargs=kwargs, current_app=current_app)
  File "/Users/bubby/miniconda3/envs/realestate/lib/python3.8/site-packages/django/urls/base.py", line 88, in reverse
    return resolver._reverse_with_prefix(view, prefix, *args, **kwargs)
  File "/Users/bubby/miniconda3/envs/realestate/lib/python3.8/site-packages/django/urls/resolvers.py", line 828, in _reverse_with_prefix
    raise NoReverseMatch(msg)
django.urls.exceptions.NoReverseMatch: Reverse for 'remove_property' not found. 'remove_property' is not a valid view function or pattern name.
/Users/bubby/realestate/properties/views.py changed, reloading.
Watching for file changes with StatReloader
/Users/bubby/realestate/properties/urls.py changed, reloading.
Watching for file changes with StatReloader
Watching for file changes with StatReloader
Internal Server Error: /
Traceback (most recent call last):
  File "/Users/bubby/miniconda3/envs/realestate/lib/python3.8/site-packages/django/template/base.py", line 505, in parse
    compile_func = self.tags[command]
KeyError: 'saved-property'

During handling of the above exception, another exception occurred:

Traceback (most recent call last):
  File "/Users/bubby/miniconda3/envs/realestate/lib/python3.8/site-packages/django/core/handlers/exception.py", line 55, in inner
    response = get_response(request)
  File "/Users/bubby/miniconda3/envs/realestate/lib/python3.8/site-packages/django/core/handlers/base.py", line 197, in _get_response
    response = wrapped_callback(request, *callback_args, **callback_kwargs)
  File "/Users/bubby/realestate/homepage/views.py", line 8, in homepage
    return render(request, 'homepage/homepage.html')
  File "/Users/bubby/miniconda3/envs/realestate/lib/python3.8/site-packages/django/shortcuts.py", line 24, in render
    content = loader.render_to_string(template_name, context, request, using=using)
  File "/Users/bubby/miniconda3/envs/realestate/lib/python3.8/site-packages/django/template/loader.py", line 62, in render_to_string
    return template.render(context, request)
  File "/Users/bubby/miniconda3/envs/realestate/lib/python3.8/site-packages/django/template/backends/django.py", line 61, in render
    return self.template.render(context)
  File "/Users/bubby/miniconda3/envs/realestate/lib/python3.8/site-packages/django/template/base.py", line 175, in render
    return self._render(context)
  File "/Users/bubby/miniconda3/envs/realestate/lib/python3.8/site-packages/django/template/base.py", line 167, in _render
    return self.nodelist.render(context)
  File "/Users/bubby/miniconda3/envs/realestate/lib/python3.8/site-packages/django/template/base.py", line 1005, in render
    return SafeString("".join([node.render_annotated(context) for node in self]))
  File "/Users/bubby/miniconda3/envs/realestate/lib/python3.8/site-packages/django/template/base.py", line 1005, in <listcomp>
    return SafeString("".join([node.render_annotated(context) for node in self]))
  File "/Users/bubby/miniconda3/envs/realestate/lib/python3.8/site-packages/django/template/base.py", line 966, in render_annotated
    return self.render(context)
  File "/Users/bubby/miniconda3/envs/realestate/lib/python3.8/site-packages/django/template/loader_tags.py", line 132, in render
    compiled_parent = self.get_parent(context)
  File "/Users/bubby/miniconda3/envs/realestate/lib/python3.8/site-packages/django/template/loader_tags.py", line 129, in get_parent
    return self.find_template(parent, context)
  File "/Users/bubby/miniconda3/envs/realestate/lib/python3.8/site-packages/django/template/loader_tags.py", line 107, in find_template
    template, origin = context.template.engine.find_template(
  File "/Users/bubby/miniconda3/envs/realestate/lib/python3.8/site-packages/django/template/engine.py", line 157, in find_template
    template = loader.get_template(name, skip=skip)
  File "/Users/bubby/miniconda3/envs/realestate/lib/python3.8/site-packages/django/template/loaders/cached.py", line 57, in get_template
    template = super().get_template(template_name, skip)
  File "/Users/bubby/miniconda3/envs/realestate/lib/python3.8/site-packages/django/template/loaders/base.py", line 28, in get_template
    return Template(
  File "/Users/bubby/miniconda3/envs/realestate/lib/python3.8/site-packages/django/template/base.py", line 154, in __init__
    self.nodelist = self.compile_nodelist()
  File "/Users/bubby/miniconda3/envs/realestate/lib/python3.8/site-packages/django/template/base.py", line 200, in compile_nodelist
    return parser.parse()
  File "/Users/bubby/miniconda3/envs/realestate/lib/python3.8/site-packages/django/template/base.py", line 507, in parse
    self.invalid_block_tag(token, command, parse_until)
  File "/Users/bubby/miniconda3/envs/realestate/lib/python3.8/site-packages/django/template/base.py", line 568, in invalid_block_tag
    raise self.error(
django.template.exceptions.TemplateSyntaxError: Invalid block tag on line 38: 'saved-property'. Did you forget to register or load this tag?
/Users/bubby/realestate/homepage/urls.py changed, reloading.
Watching for file changes with StatReloader
Internal Server Error: /
Traceback (most recent call last):
  File "/Users/bubby/miniconda3/envs/realestate/lib/python3.8/site-packages/django/core/handlers/exception.py", line 55, in inner
    response = get_response(request)
  File "/Users/bubby/miniconda3/envs/realestate/lib/python3.8/site-packages/django/core/handlers/base.py", line 197, in _get_response
    response = wrapped_callback(request, *callback_args, **callback_kwargs)
  File "/Users/bubby/realestate/homepage/views.py", line 8, in homepage
    return render(request, 'homepage/homepage.html')
  File "/Users/bubby/miniconda3/envs/realestate/lib/python3.8/site-packages/django/shortcuts.py", line 24, in render
    content = loader.render_to_string(template_name, context, request, using=using)
  File "/Users/bubby/miniconda3/envs/realestate/lib/python3.8/site-packages/django/template/loader.py", line 62, in render_to_string
    return template.render(context, request)
  File "/Users/bubby/miniconda3/envs/realestate/lib/python3.8/site-packages/django/template/backends/django.py", line 61, in render
    return self.template.render(context)
  File "/Users/bubby/miniconda3/envs/realestate/lib/python3.8/site-packages/django/template/base.py", line 175, in render
    return self._render(context)
  File "/Users/bubby/miniconda3/envs/realestate/lib/python3.8/site-packages/django/template/base.py", line 167, in _render
    return self.nodelist.render(context)
  File "/Users/bubby/miniconda3/envs/realestate/lib/python3.8/site-packages/django/template/base.py", line 1005, in render
    return SafeString("".join([node.render_annotated(context) for node in self]))
  File "/Users/bubby/miniconda3/envs/realestate/lib/python3.8/site-packages/django/template/base.py", line 1005, in <listcomp>
    return SafeString("".join([node.render_annotated(context) for node in self]))
  File "/Users/bubby/miniconda3/envs/realestate/lib/python3.8/site-packages/django/template/base.py", line 966, in render_annotated
    return self.render(context)
  File "/Users/bubby/miniconda3/envs/realestate/lib/python3.8/site-packages/django/template/loader_tags.py", line 157, in render
    return compiled_parent._render(context)
  File "/Users/bubby/miniconda3/envs/realestate/lib/python3.8/site-packages/django/template/base.py", line 167, in _render
    return self.nodelist.render(context)
  File "/Users/bubby/miniconda3/envs/realestate/lib/python3.8/site-packages/django/template/base.py", line 1005, in render
    return SafeString("".join([node.render_annotated(context) for node in self]))
  File "/Users/bubby/miniconda3/envs/realestate/lib/python3.8/site-packages/django/template/base.py", line 1005, in <listcomp>
    return SafeString("".join([node.render_annotated(context) for node in self]))
  File "/Users/bubby/miniconda3/envs/realestate/lib/python3.8/site-packages/django/template/base.py", line 966, in render_annotated
    return self.render(context)
  File "/Users/bubby/miniconda3/envs/realestate/lib/python3.8/site-packages/django/template/defaulttags.py", line 471, in render
    url = reverse(view_name, args=args, kwargs=kwargs, current_app=current_app)
  File "/Users/bubby/miniconda3/envs/realestate/lib/python3.8/site-packages/django/urls/base.py", line 88, in reverse
    return resolver._reverse_with_prefix(view, prefix, *args, **kwargs)
  File "/Users/bubby/miniconda3/envs/realestate/lib/python3.8/site-packages/django/urls/resolvers.py", line 828, in _reverse_with_prefix
    raise NoReverseMatch(msg)
django.urls.exceptions.NoReverseMatch: Reverse for 'saved-property' not found. 'saved-property' is not a valid view function or pattern name.
Not Found: /djangoadmin
/Users/bubby/realestate/properties/views.py changed, reloading.
Watching for file changes with StatReloader
Watching for file changes with StatReloader
Not Found: /favicon.ico
Watching for file changes with StatReloader
/Users/bubby/realestate/properties/forms.py changed, reloading.
Watching for file changes with StatReloader
Watching for file changes with StatReloader
Watching for file changes with StatReloader
Not Found: /cheeses/update/deletecheese/
/Users/bubby/realestate/properties/forms.py changed, reloading.
Watching for file changes with StatReloader
/Users/bubby/realestate/properties/forms.py changed, reloading.
Watching for file changes with StatReloader
/Users/bubby/realestate/properties/forms.py changed, reloading.
Watching for file changes with StatReloader
/Users/bubby/realestate/properties/forms.py changed, reloading.
Watching for file changes with StatReloader
Internal Server Error: /about/
Traceback (most recent call last):
  File "/Users/bubby/miniconda3/envs/realestate/lib/python3.8/site-packages/django/template/base.py", line 505, in parse
    compile_func = self.tags[command]
KeyError: 'static'

During handling of the above exception, another exception occurred:

Traceback (most recent call last):
  File "/Users/bubby/miniconda3/envs/realestate/lib/python3.8/site-packages/django/core/handlers/exception.py", line 55, in inner
    response = get_response(request)
  File "/Users/bubby/miniconda3/envs/realestate/lib/python3.8/site-packages/django/core/handlers/base.py", line 197, in _get_response
    response = wrapped_callback(request, *callback_args, **callback_kwargs)
  File "/Users/bubby/realestate/homepage/views.py", line 11, in about
    return render(request, 'homepage/about.html')
  File "/Users/bubby/miniconda3/envs/realestate/lib/python3.8/site-packages/django/shortcuts.py", line 24, in render
    content = loader.render_to_string(template_name, context, request, using=using)
  File "/Users/bubby/miniconda3/envs/realestate/lib/python3.8/site-packages/django/template/loader.py", line 61, in render_to_string
    template = get_template(template_name, using=using)
  File "/Users/bubby/miniconda3/envs/realestate/lib/python3.8/site-packages/django/template/loader.py", line 15, in get_template
    return engine.get_template(template_name)
  File "/Users/bubby/miniconda3/envs/realestate/lib/python3.8/site-packages/django/template/backends/django.py", line 33, in get_template
    return Template(self.engine.get_template(template_name), self)
  File "/Users/bubby/miniconda3/envs/realestate/lib/python3.8/site-packages/django/template/engine.py", line 175, in get_template
    template, origin = self.find_template(template_name)
  File "/Users/bubby/miniconda3/envs/realestate/lib/python3.8/site-packages/django/template/engine.py", line 157, in find_template
    template = loader.get_template(name, skip=skip)
  File "/Users/bubby/miniconda3/envs/realestate/lib/python3.8/site-packages/django/template/loaders/cached.py", line 57, in get_template
    template = super().get_template(template_name, skip)
  File "/Users/bubby/miniconda3/envs/realestate/lib/python3.8/site-packages/django/template/loaders/base.py", line 28, in get_template
    return Template(
  File "/Users/bubby/miniconda3/envs/realestate/lib/python3.8/site-packages/django/template/base.py", line 154, in __init__
    self.nodelist = self.compile_nodelist()
  File "/Users/bubby/miniconda3/envs/realestate/lib/python3.8/site-packages/django/template/base.py", line 200, in compile_nodelist
    return parser.parse()
  File "/Users/bubby/miniconda3/envs/realestate/lib/python3.8/site-packages/django/template/base.py", line 513, in parse
    raise self.error(token, e)
  File "/Users/bubby/miniconda3/envs/realestate/lib/python3.8/site-packages/django/template/base.py", line 511, in parse
    compiled_result = compile_func(self, token)
  File "/Users/bubby/miniconda3/envs/realestate/lib/python3.8/site-packages/django/template/loader_tags.py", line 293, in do_extends
    nodelist = parser.parse()
  File "/Users/bubby/miniconda3/envs/realestate/lib/python3.8/site-packages/django/template/base.py", line 513, in parse
    raise self.error(token, e)
  File "/Users/bubby/miniconda3/envs/realestate/lib/python3.8/site-packages/django/template/base.py", line 511, in parse
    compiled_result = compile_func(self, token)
  File "/Users/bubby/miniconda3/envs/realestate/lib/python3.8/site-packages/django/template/loader_tags.py", line 232, in do_block
    nodelist = parser.parse(("endblock",))
  File "/Users/bubby/miniconda3/envs/realestate/lib/python3.8/site-packages/django/template/base.py", line 507, in parse
    self.invalid_block_tag(token, command, parse_until)
  File "/Users/bubby/miniconda3/envs/realestate/lib/python3.8/site-packages/django/template/base.py", line 558, in invalid_block_tag
    raise self.error(
django.template.exceptions.TemplateSyntaxError: Invalid block tag on line 12: 'static', expected 'endblock'. Did you forget to register or load this tag?
Watching for file changes with StatReloader
Not Found: /favicon.ico
